Src,Eqid,Version,Datetime,Lat,Lon,Magnitude,Depth,NST,Region
us,b000fry3,7,"Sunday, March 24, 2013 11:43:18 UTC",51.5940,156.7059,4.4,174.70,37,"Kamchatka Peninsula, Russia"
nc,71959535,0,"Sunday, March 24, 2013 11:39:21 UTC",37.6435,-118.9262,1.0,9.20,13,"Long Valley area, California"
uw,60512366,1,"Sunday, March 24, 2013 11:39:04 UTC",42.6165,-122.4097,2.8,3.20,51,"Oregon"
ci,15313409,0,"Sunday, March 24, 2013 11:38:19 UTC",32.6627,-115.7950,1.4,11.90,22,"Southern California"
nn,00407021,1,"Sunday, March 24, 2013 11:26:30 UTC",37.0283,-117.1230,1.2,19.20, 7,"Nevada"
ci,15313393,0,"Sunday, March 24, 2013 11:12:18 UTC",32.6458,-115.7247,2.1,9.70,39,"Baja California, Mexico"
nc,71959525,0,"Sunday, March 24, 2013 11:02:03 UTC",37.6175,-118.8847,1.0,27.40, 9,"Long Valley area, California"
ak,10680258,1,"Sunday, March 24, 2013 11:01:12 UTC",63.0560,-151.5371,1.4,10.10, 4,"Central Alaska"
ak,10680254,1,"Sunday, March 24, 2013 10:55:37 UTC",63.6277,-147.5348,1.6,87.50,13,"Central Alaska"
ak,10680253,1,"Sunday, March 24, 2013 10:50:04 UTC",63.0711,-151.5862,1.8,11.00,11,"Central Alaska"
nn,00407019,1,"Sunday, March 24, 2013 10:34:04 UTC",39.6257,-120.0080,1.2,8.00,17,"Northern California"
nc,71959515,0,"Sunday, March 24, 2013 10:31:11 UTC",37.6408,-118.9285,1.3,8.40,18,"Long Valley area, California"
us,b000frxm,B,"Sunday, March 24, 2013 10:29:20 UTC",16.1510,-93.0710,4.1,169.40,36,"Chiapas, Mexico"
nc,71959510,0,"Sunday, March 24, 2013 10:18:06 UTC",36.0310,-120.6410,1.0,3.90, 9,"Central California"
us,b000frxj,5,"Sunday, March 24, 2013 10:12:03 UTC",38.8986,-107.3446,2.5,1.00,33,"Colorado"
us,b000frxi,5,"Sunday, March 24, 2013 10:04:13 UTC",50.7590,160.1250,4.3,9.60,88,"east of the Kuril Islands"
ak,10680237,1,"Sunday, March 24, 2013 09:36:24 UTC",61.0753,-151.5173,1.5,70.40,12,"Southern Alaska"
uw,60512336,2,"Sunday, March 24, 2013 09:18:52 UTC",42.6093,-122.4040,1.8,19.20,16,"Oregon"
ci,15313345,0,"Sunday, March 24, 2013 09:17:35 UTC",34.0043,-117.1757,1.3,2.40,47,"Greater Los Angeles area, California"
nc,71959440,1,"Sunday, March 24, 2013 09:13:34 UTC",37.6382,-118.9380,2.3,4.00,22,"Long Valley area, California"
nc,71959410,0,"Sunday, March 24, 2013 08:51:51 UTC",37.6385,-118.9278,1.2,7.70,14,"Long Valley area, California"
nc,71959400,0,"Sunday, March 24, 2013 08:50:00 UTC",37.6317,-118.9222,1.5,1.30, 7,"Long Valley area, California"
nc,71959395,0,"Sunday, March 24, 2013 08:49:47 UTC",37.6400,-118.9293,1.2,7.70,14,"Long Valley area, California"
nc,71959385,0,"Sunday, March 24, 2013 08:44:50 UTC",37.6403,-118.9287,1.5,8.30,23,"Long Valley area, California"
nc,71959365,1,"Sunday, March 24, 2013 08:36:45 UTC",37.6383,-118.9253,2.2,8.20,27,"Long Valley area, California"
nc,71959355,0,"Sunday, March 24, 2013 08:32:49 UTC",37.6388,-118.9242,1.7,7.70,21,"Long Valley area, California"
nc,71959340,0,"Sunday, March 24, 2013 08:30:58 UTC",37.6377,-118.9253,1.5,8.20,16,"Long Valley area, California"
nc,71959330,3,"Sunday, March 24, 2013 08:29:07 UTC",37.6403,-118.9322,3.1,5.80,28,"Long Valley area, California"
nc,71959320,0,"Sunday, March 24, 2013 08:26:03 UTC",37.6410,-118.9273,1.4,8.70,17,"Long Valley area, California"
nc,71959315,0,"Sunday, March 24, 2013 08:25:54 UTC",37.6375,-118.9313,1.2,7.60, 9,"Long Valley area, California"
ci,15313289,0,"Sunday, March 24, 2013 08:24:35 UTC",33.8093,-116.4682,1.0,17.30,19,"Southern California"
ci,15313281,0,"Sunday, March 24, 2013 08:23:29 UTC",33.7040,-116.8237,1.5,17.20,89,"Southern California"
us,b000frwy,7,"Sunday, March 24, 2013 08:13:44 UTC",-20.7770,173.4071,6.0,10.00,55,"Vanuatu region"
uw,60512326,2,"Sunday, March 24, 2013 08:00:10 UTC",42.6235,-122.4085,2.6,2.90,29,"Oregon"
ak,10680189,1,"Sunday, March 24, 2013 07:53:00 UTC",61.2878,-150.2084,2.0,47.10,14,"Southern Alaska"
nc,71959270,0,"Sunday, March 24, 2013 07:52:44 UTC",37.6405,-118.9277,1.2,8.90,14,"Long Valley area, California"
nn,00407008,1,"Sunday, March 24, 2013 07:51:46 UTC",38.0160,-118.0628,1.8,9.80,24,"Nevada"
us,b000frwr,5,"Sunday, March 24, 2013 07:30:24 UTC",-13.6846,-74.1113,4.5,56.50,16,"central Peru"
pr,13083001,0,"Sunday, March 24, 2013 07:25:39 UTC",17.9806,-65.3977,2.5,18.00, 4,"Puerto Rico region"
ci,15313249,0,"Sunday, March 24, 2013 07:03:14 UTC",34.2783,-116.6645,1.6,46.10,21,"Southern California"
ci,15313241,0,"Sunday, March 24, 2013 07:02:31 UTC",33.5143,-116.4643,1.2,12.80,67,"Southern California"
nc,71959255,1,"Sunday, March 24, 2013 06:44:49 UTC",38.8252,-122.8267,1.7,3.00,35,"Northern California"
ci,15313233,0,"Sunday, March 24, 2013 06:40:34 UTC",33.5738,-116.6887,1.5,4.20,18,"Southern California"
ci,15313217,0,"Sunday, March 24, 2013 06:28:17 UTC",34.2228,-117.0247,1.3,1.60,42,"Southern California"
ci,15313209,0,"Sunday, March 24, 2013 06:06:35 UTC",35.8362,-117.6737,1.7,1.80,11,"Central California"
pr,13083000,0,"Sunday, March 24, 2013 05:57:18 UTC",19.0678,-68.3833,3.3,71.00, 9,"Dominican Republic region"
ak,10680171,1,"Sunday, March 24, 2013 05:51:16 UTC",61.7758,-148.1028,1.8,28.10,21,"Southern Alaska"
ci,15313193,0,"Sunday, March 24, 2013 05:14:23 UTC",33.3282,-116.3317,1.4,12.40,26,"Southern California"
nc,71959235,0,"Sunday, March 24, 2013 05:13:00 UTC",38.8148,-122.8133,1.0,3.20,19,"Northern California"
ak,10680165,1,"Sunday, March 24, 2013 05:07:55 UTC",63.0860,-150.7224,1.4,110.30,10,"Central Alaska"
ci,15313185,0,"Sunday, March 24, 2013 05:03:32 UTC",33.5358,-116.9208,1.2,0.10,30,"Southern California"
ak,10680154,1,"Sunday, March 24, 2013 04:48:56 UTC",59.7671,-152.1100,2.7,59.50,30,"Southern Alaska"
ak,10680151,1,"Sunday, March 24, 2013 04:46:22 UTC",64.0259,-148.9076,1.7,0.10,21,"Central Alaska"
nc,71959220,0,"Sunday, March 24, 2013 04:28:54 UTC",38.8392,-122.7998,1.2,2.40,15,"Northern California"
us,b000frv8,7,"Sunday, March 24, 2013 04:18:34 UTC",50.7183,160.1546,6.1,9.70,98,"east of the Kuril Islands"
ak,10680122,1,"Sunday, March 24, 2013 04:05:33 UTC",62.3286,-149.6242,1.6,50.00,11,"Central Alaska"
us,b000frv4,6,"Sunday, March 24, 2013 03:47:32 UTC",33.4200,95.3958,4.5,29.80,23,"southern Qinghai, China"
ci,15313153,0,"Sunday, March 24, 2013 03:30:38 UTC",33.4995,-116.4633,1.4,20.00,20,"Southern California"
ak,10680110,1,"Sunday, March 24, 2013 03:09:45 UTC",62.1947,-145.7563,1.4,3.90, 7,"Central Alaska"
ci,15313129,0,"Sunday, March 24, 2013 03:08:16 UTC",33.4905,-116.4590,1.4,12.20,69,"Southern California"
ci,15313121,0,"Sunday, March 24, 2013 03:07:29 UTC",33.4407,-116.5448,1.1,1.90,26,"Southern California"
ci,15313113,0,"Sunday, March 24, 2013 03:06:43 UTC",33.4947,-116.4592,1.4,13.90,56,"Southern California"
us,b000fruf,4,"Sunday, March 24, 2013 02:44:31 UTC",-3.4923,144.7600,4.5,48.60,16,"near the north coast of New Guinea, Papua New Guinea"
ak,10680098,1,"Sunday, March 24, 2013 02:33:07 UTC",59.7232,-152.4306,1.6,63.10, 8,"Southern Alaska"
us,b000fru5,7,"Sunday, March 24, 2013 02:26:31 UTC",-6.8730,148.5032,4.8,59.10,35,"New Britain region, Papua New Guinea"
ak,10680096,1,"Sunday, March 24, 2013 02:26:08 UTC",60.4182,-152.3689,2.3,96.30,14,"Southern Alaska"
ci,15313081,0,"Sunday, March 24, 2013 02:23:35 UTC",33.4673,-116.8903,1.3,15.90,61,"Southern California"
nc,71959165,0,"Sunday, March 24, 2013 02:18:31 UTC",39.6255,-120.0033,1.8,5.50,16,"Northern California"
nc,71959155,1,"Sunday, March 24, 2013 01:55:52 UTC",38.7717,-122.7360,1.4,2.80,24,"Northern California"
ci,15313065,0,"Sunday, March 24, 2013 01:55:21 UTC",34.1120,-117.6450,1.3,14.80,19,"Greater Los Angeles area, California"
ak,10680082,1,"Sunday, March 24, 2013 01:50:51 UTC",63.8945,-148.7213,1.5,96.60,13,"Central Alaska"
ak,10680076,1,"Sunday, March 24, 2013 01:41:40 UTC",60.0675,-152.8978,3.4,109.90,59,"Southern Alaska"
us,b000frtb,7,"Sunday, March 24, 2013 01:35:57 UTC",-6.7664,148.3619,4.9,62.70,51,"New Britain region, Papua New Guinea"
ci,15313041,0,"Sunday, March 24, 2013 01:35:26 UTC",33.3702,-116.3507,1.3,10.80,17,"Southern California"
ak,10680070,1,"Sunday, March 24, 2013 01:30:02 UTC",61.4678,-140.6668,2.1,0.00,15,"Southern Yukon Territory, Canada"
nc,71959150,0,"Sunday, March 24, 2013 01:29:01 UTC",39.6238,-120.0145,2.1,0.00,10,"Northern California"
nc,71959145,0,"Sunday, March 24, 2013 01:28:56 UTC",39.6267,-120.0015,2.3,5.80,13,"Northern California"
ci,15313033,0,"Sunday, March 24, 2013 01:17:57 UTC",34.3930,-116.7047,1.1,9.90,14,"Southern California"
ak,10680058,1,"Sunday, March 24, 2013 01:05:46 UTC",63.2205,-145.0153,1.8,2.30,16,"Central Alaska"
ak,10680050,1,"Sunday, March 24, 2013 00:49:19 UTC",61.2323,-147.0043,2.9,121.60,36,"Southern Alaska"
nc,71959125,1,"Sunday, March 24, 2013 00:32:21 UTC",35.6477,-120.3122,1.9,11.50,41,"Central California"
nc,71959120,1,"Sunday, March 24, 2013 00:28:23 UTC",38.8252,-122.8272,1.2,3.10,29,"Northern California"
nc,71959115,0,"Sunday, March 24, 2013 00:20:47 UTC",39.6267,-120.0118,1.7,4.60,15,"Northern California"
pr,13082004,0,"Saturday, March 23, 2013 23:31:08 UTC",19.2191,-64.7761,3.1,52.00, 7,"Virgin Islands region"
ak,10680033,1,"Saturday, March 23, 2013 23:14:22 UTC",63.7231,-146.6654,1.6,13.70, 9,"Central Alaska"
us,b000frs6,5,"Saturday, March 23, 2013 22:37:34 UTC",-15.8609,-71.9161,4.7,12.30,35,"southern Peru"
ci,15313009,0,"Saturday, March 23, 2013 22:28:41 UTC",35.8667,-117.6990,1.8,2.20, 8,"Central California"
ak,10680024,1,"Saturday, March 23, 2013 22:20:06 UTC",61.3260,-151.8619,2.3,114.50,33,"Southern Alaska"
ci,15313001,0,"Saturday, March 23, 2013 22:11:29 UTC",33.3593,-116.5785,1.1,14.70,17,"Southern California"
nc,71959085,0,"Saturday, March 23, 2013 22:11:02 UTC",36.5810,-121.1862,1.6,7.60,11,"Central California"
ci,15312985,0,"Saturday, March 23, 2013 21:56:40 UTC",34.0732,-117.3005,1.5,14.70,27,"Greater Los Angeles area, California"
ci,15312953,0,"Saturday, March 23, 2013 20:46:19 UTC",32.9497,-117.4483,1.4,1.20,11,"Gulf of Santa Catalina, California"
ci,15312945,0,"Saturday, March 23, 2013 20:42:04 UTC",33.5190,-116.4407,1.0,11.20,24,"Southern California"
pr,13082003,0,"Saturday, March 23, 2013 20:27:48 UTC",18.4286,-64.7705,2.6,88.00, 6,"Virgin Islands region"
ak,10680006,1,"Saturday, March 23, 2013 20:20:53 UTC",60.6710,-151.8014,2.0,121.30,12,"Kenai Peninsula, Alaska"
uw,60512201,1,"Saturday, March 23, 2013 20:15:45 UTC",49.1913,-119.4980,2.6,0.00,15,"British Columbia, Canada"
ak,10679996,1,"Saturday, March 23, 2013 19:59:15 UTC",61.8615,-150.3801,1.9,40.20,20,"Southern Alaska"
nc,71959040,0,"Saturday, March 23, 2013 19:58:24 UTC",38.8387,-122.8268,1.0,1.80,16,"Northern California"
nc,71959030,0,"Saturday, March 23, 2013 19:56:46 UTC",38.8245,-122.8335,1.0,2.60,21,"Northern California"
nc,71959025,1,"Saturday, March 23, 2013 19:55:50 UTC",38.8355,-122.8247,2.7,2.30,42,"Northern California"
ci,15312921,0,"Saturday, March 23, 2013 19:40:13 UTC",33.2568,-115.7078,1.3,1.80,12,"Southern California"
ci,15312905,1,"Saturday, March 23, 2013 19:26:41 UTC",33.4843,-116.4507,2.1,6.60,72,"Southern California"
ci,15312889,0,"Saturday, March 23, 2013 19:18:27 UTC",33.6388,-116.2242,1.5,5.00,12,"Southern California"
pr,13082002,0,"Saturday, March 23, 2013 19:12:10 UTC",17.9780,-68.2945,2.6,65.00, 5,"Dominican Republic region"
nc,71959000,1,"Saturday, March 23, 2013 19:09:43 UTC",38.8008,-122.8113,1.4,3.10,28,"Northern California"
ak,10679978,1,"Saturday, March 23, 2013 18:31:31 UTC",63.2111,-150.4833,2.3,129.30,19,"Central Alaska"
ci,15312881,0,"Saturday, March 23, 2013 18:12:20 UTC",33.3027,-116.0238,1.4,0.20,17,"Southern California"
nc,71958980,0,"Saturday, March 23, 2013 18:09:48 UTC",39.4142,-120.1935,1.4,10.90,14,"Northern California"
nn,00406890,1,"Saturday, March 23, 2013 17:47:25 UTC",40.3742,-119.5492,1.8,0.40,16,"Nevada"
ci,15312873,0,"Saturday, March 23, 2013 17:45:00 UTC",33.0463,-116.4398,1.3,6.30,35,"Southern California"
nm,032313c,A,"Saturday, March 23, 2013 17:33:44 UTC",35.5041,-92.4325,1.6,3.90, 7,"Arkansas"
ci,15312857,0,"Saturday, March 23, 2013 17:26:37 UTC",35.6435,-118.0162,1.3,8.90,17,"Southern California"
ak,10679949,1,"Saturday, March 23, 2013 16:58:53 UTC",62.2957,-148.6332,1.9,20.80,22,"Central Alaska"
us,b000frlb,9,"Saturday, March 23, 2013 16:58:01 UTC",-16.8151,-173.4271,4.7,24.90,38,"Tonga"
nc,71958955,1,"Saturday, March 23, 2013 16:51:40 UTC",38.8155,-122.8128,1.7,3.30,36,"Northern California"
us,b000frky,6,"Saturday, March 23, 2013 16:45:55 UTC",-2.8199,139.2877,4.8,50.40,61,"near the north coast of Papua, Indonesia"
ak,10679942,1,"Saturday, March 23, 2013 16:35:23 UTC",63.3746,-151.4565,1.7,0.10,11,"Central Alaska"
ci,15312833,0,"Saturday, March 23, 2013 16:20:07 UTC",36.0247,-117.7757,1.4,1.50,22,"Central California"
nn,00406868,1,"Saturday, March 23, 2013 16:12:38 UTC",38.6975,-119.7437,1.9,7.00,13,"Northern California"
nc,71958930,0,"Saturday, March 23, 2013 15:49:45 UTC",38.7917,-122.7477,1.4,1.00,21,"Northern California"
nc,71958925,0,"Saturday, March 23, 2013 15:45:33 UTC",38.8623,-122.4703,2.1,7.30,16,"Northern California"
ak,10679920,1,"Saturday, March 23, 2013 15:45:01 UTC",59.8327,-152.0786,1.3,41.20, 7,"Southern Alaska"
nm,032313b,A,"Saturday, March 23, 2013 15:42:36 UTC",36.4793,-89.5415,1.6,9.00,27,"southeastern Missouri"
nc,71958915,0,"Saturday, March 23, 2013 15:31:10 UTC",38.8577,-122.4782,1.9,7.40,12,"Northern California"
ci,15312809,0,"Saturday, March 23, 2013 14:59:29 UTC",35.4928,-117.4618,1.5,16.60, 9,"Southern California"
nc,71958905,0,"Saturday, March 23, 2013 14:58:45 UTC",37.5232,-118.7130,1.4,8.80,22,"Central California"
nc,71958900,0,"Saturday, March 23, 2013 14:54:26 UTC",38.7880,-122.7447,1.4,1.10,24,"Northern California"
ci,15312777,0,"Saturday, March 23, 2013 14:38:47 UTC",32.6707,-116.0698,1.8,5.70,14,"Southern California"
ak,10679898,2,"Saturday, March 23, 2013 14:14:03 UTC",63.0527,-151.5478,1.3,13.90, 9,"Central Alaska"
ak,10680113,2,"Saturday, March 23, 2013 14:13:46 UTC",62.1080,-150.9643,1.5,70.80,11,"Central Alaska"
ak,10679880,2,"Saturday, March 23, 2013 13:25:36 UTC",59.6949,-153.4570,3.9,120.60,94,"Southern Alaska"
us,b000frir,3,"Saturday, March 23, 2013 13:14:02 UTC",-60.6823,-19.4900,5.0,10.00,17,"east of the South Sandwich Islands"
ak,10679878,1,"Saturday, March 23, 2013 13:07:29 UTC",62.5713,-151.0295,1.5,15.30, 6,"Central Alaska"
ci,15312761,0,"Saturday, March 23, 2013 13:02:24 UTC",36.0145,-117.8027,2.0,0.20,10,"Central California"
nc,71958890,1,"Saturday, March 23, 2013 12:50:53 UTC",38.8332,-122.7582,1.8,0.80,29,"Northern California"
ak,10679867,1,"Saturday, March 23, 2013 12:27:09 UTC",61.2571,-146.9222,2.5,35.40,14,"Southern Alaska"
ci,15312729,0,"Saturday, March 23, 2013 11:56:42 UTC",34.0605,-117.2990,1.7,14.70,116,"Greater Los Angeles area, California"
nn,00406836,1,"Saturday, March 23, 2013 11:38:30 UTC",39.6198,-120.0067,1.4,6.50,17,"Northern California"
nc,71958870,0,"Saturday, March 23, 2013 11:30:29 UTC",39.6305,-120.0050,1.4,5.70,10,"Northern California"
ak,10679859,1,"Saturday, March 23, 2013 11:22:23 UTC",60.2871,-141.4654,2.0,13.10, 8,"Southern Alaska"
nc,71958860,1,"Saturday, March 23, 2013 11:20:17 UTC",38.8168,-122.8267,1.2,2.90,24,"Northern California"
nn,00406834,1,"Saturday, March 23, 2013 11:18:59 UTC",39.6215,-120.0085,1.3,6.30,18,"Northern California"
nn,00406833,1,"Saturday, March 23, 2013 10:57:22 UTC",39.6225,-120.0072,1.0,6.50,16,"Northern California"
ci,15312721,0,"Saturday, March 23, 2013 10:55:02 UTC",33.9690,-117.4715,1.5,5.00,15,"Greater Los Angeles area, California"
ci,15312713,0,"Saturday, March 23, 2013 10:32:41 UTC",33.5063,-116.4545,1.1,8.20,40,"Southern California"
ak,10679842,1,"Saturday, March 23, 2013 10:15:23 UTC",65.0086,-149.4670,1.3,17.70, 9,"northern Alaska"
nc,71958825,1,"Saturday, March 23, 2013 09:58:56 UTC",38.8320,-122.8073,1.9,1.20,31,"Northern California"
nc,71958820,0,"Saturday, March 23, 2013 09:43:33 UTC",36.6200,-121.1610,1.5,8.00, 8,"Central California"
ci,15312705,0,"Saturday, March 23, 2013 09:42:52 UTC",33.6620,-116.7202,1.3,15.90,56,"Southern California"
ak,10679832,1,"Saturday, March 23, 2013 09:27:08 UTC",64.7525,-149.1273,2.2,19.60,18,"Central Alaska"
ak,10679826,1,"Saturday, March 23, 2013 08:59:52 UTC",61.1566,-150.3078,1.8,44.60,12,"Southern Alaska"
ak,10679827,1,"Saturday, March 23, 2013 08:55:31 UTC",62.1476,-145.4977,1.3,23.30, 5,"Central Alaska"
ak,10679820,1,"Saturday, March 23, 2013 08:51:01 UTC",61.1828,-140.3911,2.9,0.40,20,"Southern Yukon Territory, Canada"
ci,15312689,0,"Saturday, March 23, 2013 08:39:38 UTC",35.9437,-117.6653,1.3,1.50,18,"Central California"
pr,13082001,0,"Saturday, March 23, 2013 08:19:06 UTC",18.1054,-67.2494,2.1,23.00, 3,"Mona Passage, Puerto Rico"
ci,15312665,0,"Saturday, March 23, 2013 07:56:03 UTC",33.8853,-118.4027,2.3,11.40,69,"Greater Los Angeles area, California"
nn,00406828,1,"Saturday, March 23, 2013 07:06:18 UTC",36.9825,-114.3578,1.9,21.90, 9,"Nevada"
ci,15312657,0,"Saturday, March 23, 2013 06:54:20 UTC",33.4425,-116.4408,1.0,13.50,26,"Southern California"
nc,71958765,1,"Saturday, March 23, 2013 06:36:55 UTC",37.9887,-121.8543,2.4,18.30,30,"San Francisco Bay area, California"
nc,71958760,0,"Saturday, March 23, 2013 06:33:24 UTC",37.9707,-122.0260,1.2,9.70,10,"San Francisco Bay area, California"
nn,00406826,1,"Saturday, March 23, 2013 06:27:03 UTC",38.0128,-118.1260,1.7,15.90,16,"Nevada"
nc,71958755,0,"Saturday, March 23, 2013 06:18:21 UTC",37.7942,-122.0273,1.6,4.30,11,"San Francisco Bay area, California"
nn,00406824,1,"Saturday, March 23, 2013 05:59:38 UTC",39.6236,-120.0109,1.0,6.30,15,"Northern California"
ak,10679791,1,"Saturday, March 23, 2013 05:59:35 UTC",63.7905,-152.2902,1.5,4.70, 5,"Central Alaska"
us,b000frhf,5,"Saturday, March 23, 2013 05:56:03 UTC",-17.4904,-13.9042,4.7,10.00,29,"southern Mid-Atlantic Ridge"
nc,71958745,0,"Saturday, March 23, 2013 05:49:25 UTC",38.7515,-122.7147,1.0,1.40, 8,"Northern California"
us,b000frhc,7,"Saturday, March 23, 2013 05:28:31 UTC",-18.7324,-175.5134,4.5,183.40,46,"Tonga"
us,b000frh9,7,"Saturday, March 23, 2013 05:03:07 UTC",35.3625,-96.5077,2.9,5.10,43,"Oklahoma"
ak,10679773,1,"Saturday, March 23, 2013 04:41:32 UTC",63.3827,-146.4217,1.6,22.90, 6,"Central Alaska"
pr,13082000,0,"Saturday, March 23, 2013 04:31:06 UTC",18.8540,-64.8414,2.9,18.00, 6,"Virgin Islands region"
us,b000frh3,7,"Saturday, March 23, 2013 04:28:34 UTC",-10.9476,165.8148,4.9,20.10,43,"Santa Cruz Islands"
ci,15312505,0,"Saturday, March 23, 2013 04:25:38 UTC",33.2832,-116.7828,1.2,10.20,66,"Southern California"
ak,10679766,1,"Saturday, March 23, 2013 04:22:16 UTC",63.5107,-146.5247,1.9,0.00,27,"Central Alaska"
nc,71958735,0,"Saturday, March 23, 2013 04:18:49 UTC",38.7563,-122.7047,1.3,2.00,13,"Northern California"
ci,15312497,0,"Saturday, March 23, 2013 03:59:38 UTC",33.6623,-116.7620,1.0,13.20,43,"Southern California"
uw,60512071,3,"Saturday, March 23, 2013 03:58:29 UTC",46.7600,-122.2000,1.8,9.90,38,"Washington"
ci,15312489,0,"Saturday, March 23, 2013 03:53:24 UTC",33.5158,-116.4643,1.0,9.60,43,"Southern California"
hv,60481241,2,"Saturday, March 23, 2013 03:53:17 UTC",19.2590,-155.5288,2.1,7.80,39,"Island of Hawaii, Hawaii"
nc,71958725,0,"Saturday, March 23, 2013 03:51:57 UTC",39.6258,-120.0132,2.2,4.80,15,"Northern California"
ci,15312481,0,"Saturday, March 23, 2013 03:23:13 UTC",33.5018,-116.4688,1.1,8.70,52,"Southern California"
hv,60481236,4,"Saturday, March 23, 2013 03:18:56 UTC",19.4935,-155.3745,1.3,4.10,10,"Island of Hawaii, Hawaii"
nn,00406803,1,"Saturday, March 23, 2013 03:11:31 UTC",39.6222,-120.0109,1.2,7.00,16,"Northern California"
nm,032213a,A,"Saturday, March 23, 2013 03:03:51 UTC",36.2821,-89.5240,1.5,8.00, 9,"Tennessee"
us,2013ncad,5,"Saturday, March 23, 2013 02:57:39 UTC",42.8170,-1.8070,4.2,0.00,13,"Pyrenees"
nc,71958710,0,"Saturday, March 23, 2013 02:49:28 UTC",38.7782,-122.7543,1.0,2.10,17,"Northern California"
us,b000frgj,6,"Saturday, March 23, 2013 02:47:50 UTC",12.3570,143.8845,4.9,8.40,67,"Guam region"
nc,71958700,0,"Saturday, March 23, 2013 02:25:21 UTC",38.8403,-122.7747,1.1,2.40,16,"Northern California"
hv,60481221,5,"Saturday, March 23, 2013 02:05:18 UTC",19.4662,-155.6020,1.0,14.00,12,"Island of Hawaii, Hawaii"
nn,00406796,1,"Saturday, March 23, 2013 01:59:25 UTC",38.3655,-118.2335,1.5,14.00,15,"Nevada"
us,b000frfp,6,"Saturday, March 23, 2013 00:55:08 UTC",52.5066,-174.0223,4.3,193.50,65,"Andreanof Islands, Aleutian Islands, Alaska"
nc,71958675,0,"Saturday, March 23, 2013 00:50:15 UTC",37.6435,-119.0273,1.0,0.00, 7,"Long Valley area, California"
ak,10679557,1,"Saturday, March 23, 2013 00:44:13 UTC",59.7263,-140.8363,2.2,11.30,12,"Southeastern Alaska"
ci,15312401,0,"Saturday, March 23, 2013 00:15:50 UTC",36.1060,-117.8470,1.4,2.60,24,"Central California"
ci,15312385,3,"Friday, March 22, 2013 23:56:00 UTC",34.2222,-117.4268,2.5,12.50,84,"Greater Los Angeles area, California"
ci,15312361,1,"Friday, March 22, 2013 22:43:07 UTC",33.5115,-116.4625,1.3,10.20,37,"Southern California"
nc,71958630,2,"Friday, March 22, 2013 22:42:09 UTC",37.4135,-118.5370,1.5,7.20,23,"Central California"
us,b000frdz,6,"Friday, March 22, 2013 22:40:53 UTC",-28.0183,-176.5110,5.3,6.80,112,"Kermadec Islands region"
ak,10679458,2,"Friday, March 22, 2013 22:02:57 UTC",59.8520,-152.8674,2.0,92.90,12,"Southern Alaska"
ak,10679450,1,"Friday, March 22, 2013 21:52:59 UTC",61.2457,-147.1557,2.5,0.00,26,"Southern Alaska"
ci,15312329,1,"Friday, March 22, 2013 21:39:37 UTC",33.4915,-116.9793,1.0,9.40,23,"Southern California"
ak,10679437,1,"Friday, March 22, 2013 21:36:04 UTC",63.4511,-151.2361,1.9,0.00,11,"Central Alaska"
nc,71958615,3,"Friday, March 22, 2013 21:32:29 UTC",38.7553,-122.7133,1.9,2.00,60,"Northern California"
uw,60512026,1,"Friday, March 22, 2013 21:12:47 UTC",49.4082,-120.5092,2.3,0.00, 6,"British Columbia, Canada"
ak,10679409,1,"Friday, March 22, 2013 20:45:33 UTC",63.4778,-146.2900,1.4,26.60, 7,"Central Alaska"
nc,71958590,0,"Friday, March 22, 2013 20:43:22 UTC",38.7927,-122.7483,1.0,1.40,16,"Northern California"
ci,15312289,1,"Friday, March 22, 2013 20:40:47 UTC",36.0767,-117.8755,1.1,1.40,18,"Central California"
uw,60512021,2,"Friday, March 22, 2013 19:32:13 UTC",47.7560,-123.1832,3.2,41.30,37,"Olympic Peninsula, Washington"
us,b000fr4j,5,"Friday, March 22, 2013 19:30:04 UTC",37.4532,71.8038,4.2,114.50,31,"Tajikistan"
ak,10679390,1,"Friday, March 22, 2013 19:27:07 UTC",61.2625,-148.4380,1.5,26.00,16,"Southern Alaska"
nc,71958565,2,"Friday, March 22, 2013 19:22:52 UTC",37.3258,-122.1078,1.2,0.00,22,"San Francisco Bay area, California"
nn,00406758,1,"Friday, March 22, 2013 19:20:39 UTC",36.8193,-115.8729,1.0,10.30,12,"Nevada"
ci,15312257,3,"Friday, March 22, 2013 19:10:54 UTC",33.9873,-118.6907,2.2,13.00,54,"Santa Monica Bay, California"
nc,71958555,2,"Friday, March 22, 2013 19:02:47 UTC",39.3303,-123.2788,1.4,7.60,10,"Northern California"
ak,10679379,1,"Friday, March 22, 2013 18:53:35 UTC",61.4193,-146.6656,1.6,13.40,14,"Southern Alaska"
ci,15312249,5,"Friday, March 22, 2013 18:48:00 UTC",35.7235,-119.8515,1.2,3.30, 6,"Central California"
ci,15312241,2,"Friday, March 22, 2013 18:33:21 UTC",34.0297,-116.8585,1.1,9.40,39,"Southern California"
us,b000fr1b,7,"Friday, March 22, 2013 17:57:36 UTC",10.1017,-103.9291,4.5,10.10,58,"northern East Pacific Rise"
pr,13081005,0,"Friday, March 22, 2013 17:55:45 UTC",19.2959,-65.2492,3.0,10.00, 5,"Puerto Rico region"
hv,60481076,2,"Friday, March 22, 2013 17:36:32 UTC",19.4138,-155.3223,2.0,5.60,28,"Island of Hawaii, Hawaii"
ci,15312233,2,"Friday, March 22, 2013 17:27:09 UTC",32.5447,-116.7793,1.9,0.00,22,"Baja California, Mexico"
ci,15312225,2,"Friday, March 22, 2013 17:11:01 UTC",35.9415,-117.1452,1.2,0.00, 8,"Central California"
nc,71958515,2,"Friday, March 22, 2013 17:05:19 UTC",37.3970,-121.7502,1.6,6.80,43,"San Francisco Bay area, California"
ci,15312201,2,"Friday, March 22, 2013 17:00:25 UTC",32.5328,-115.6472,1.5,9.40, 8,"Baja California, Mexico"
ak,10679331,1,"Friday, March 22, 2013 16:16:58 UTC",65.1672,-141.2985,2.8,7.20, 9,"northern Alaska"
ci,15312145,1,"Friday, March 22, 2013 15:45:27 UTC",33.2983,-116.2687,1.3,6.20,36,"Southern California"
ci,15312137,1,"Friday, March 22, 2013 15:34:03 UTC",33.5173,-116.4453,1.3,9.50,37,"Southern California"
ak,10679306,1,"Friday, March 22, 2013 15:19:28 UTC",63.5019,-146.4263,1.5,12.50,12,"Central Alaska"
us,b000fqwi,5,"Friday, March 22, 2013 14:18:58 UTC",-55.1383,-21.7276,5.2,15.00,21,"southwestern Atlantic Ocean"
pr,13081004,0,"Friday, March 22, 2013 14:18:01 UTC",18.1923,-68.0542,2.9,103.00,10,"Mona Passage, Dominican Republic"
nc,71958465,2,"Friday, March 22, 2013 14:14:47 UTC",39.6270,-120.0025,1.3,6.20,13,"Northern California"
nc,71958460,2,"Friday, March 22, 2013 14:14:08 UTC",39.6288,-120.0030,1.4,6.10,15,"Northern California"
nn,00406719,1,"Friday, March 22, 2013 14:08:14 UTC",37.3626,-115.9791,1.6,0.00,14,"Nevada"
nc,71958455,2,"Friday, March 22, 2013 14:04:21 UTC",39.6292,-120.0020,1.4,6.20,17,"Northern California"
nc,71958450,2,"Friday, March 22, 2013 14:02:35 UTC",39.6310,-120.0075,1.3,5.50,14,"Northern California"
nc,71958445,3,"Friday, March 22, 2013 14:01:40 UTC",39.6250,-120.0128,2.6,4.70,26,"Northern California"
ci,15312097,2,"Friday, March 22, 2013 14:00:39 UTC",34.7118,-116.3632,1.7,3.80,16,"Southern California"
nc,71958435,3,"Friday, March 22, 2013 13:55:44 UTC",38.8228,-122.8295,2.2,2.60,72,"Northern California"
ci,15312089,2,"Friday, March 22, 2013 13:49:01 UTC",34.0127,-117.1660,1.2,7.70,11,"Greater Los Angeles area, California"
uw,60511996,1,"Friday, March 22, 2013 13:38:15 UTC",47.5892,-121.5792,1.7,84.40,20,"Washington"
nc,71958420,3,"Friday, March 22, 2013 13:23:51 UTC",36.1928,-120.7717,2.0,6.10,57,"Central California"
ci,15312049,3,"Friday, March 22, 2013 11:50:14 UTC",35.7192,-117.5177,2.5,11.70,39,"Southern California"
ak,10679264,1,"Friday, March 22, 2013 11:49:21 UTC",62.7972,-150.7074,1.8,65.40,19,"Central Alaska"
ci,15312033,1,"Friday, March 22, 2013 11:25:59 UTC",33.4987,-116.4573,1.0,13.80,38,"Southern California"
ci,15312025,1,"Friday, March 22, 2013 11:17:06 UTC",35.3777,-118.5330,1.6,7.60,24,"Central California"
ci,15312017,1,"Friday, March 22, 2013 11:14:11 UTC",33.3388,-116.2873,1.3,10.60,37,"Southern California"
ak,10679259,1,"Friday, March 22, 2013 11:09:44 UTC",63.0522,-151.6439,1.2,18.80, 5,"Central Alaska"
ci,15312009,1,"Friday, March 22, 2013 11:03:39 UTC",33.5107,-116.4475,1.3,12.20,39,"Southern California"
uu,60016647,2,"Friday, March 22, 2013 10:45:32 UTC",40.7658,-111.9733,1.0,1.00,23,"Wasatch Front Urban Corridor, Utah"
ci,15311969,1,"Friday, March 22, 2013 10:21:37 UTC",33.8905,-116.2473,1.3,5.50,45,"Southern California"
nc,71958385,2,"Friday, March 22, 2013 10:10:10 UTC",37.6448,-118.8893,1.2,0.10, 9,"Long Valley area, California"
ak,10679250,1,"Friday, March 22, 2013 10:09:53 UTC",63.2543,-149.7694,1.2,85.50,11,"Central Alaska"
ci,15311953,0,"Friday, March 22, 2013 09:51:03 UTC",33.3355,-116.2958,1.7,11.50,92,"Southern California"
hv,60481026,1,"Friday, March 22, 2013 09:07:01 UTC",19.0192,-155.2993,2.0,15.20,43,"Island of Hawaii, Hawaii"
ci,15311937,2,"Friday, March 22, 2013 08:51:39 UTC",33.4915,-116.4650,1.1,12.80,36,"Southern California"
nc,71958365,2,"Friday, March 22, 2013 08:42:40 UTC",38.8407,-122.8288,1.1,2.70,44,"Northern California"
uu,60016642,4,"Friday, March 22, 2013 08:41:42 UTC",40.5355,-111.0780,1.7,13.90,22,"Utah"
ak,10679239,1,"Friday, March 22, 2013 08:35:33 UTC",61.1604,-146.9722,1.6,13.30,10,"Southern Alaska"
us,b000fqsy,8,"Friday, March 22, 2013 08:31:52 UTC",40.1572,51.1730,4.5,11.50,76,"Caspian Sea, offshore Azerbaijan"
nc,71958355,2,"Friday, March 22, 2013 08:30:13 UTC",36.1752,-120.2278,1.7,11.70,34,"Central California"
nc,71958350,2,"Friday, March 22, 2013 07:58:22 UTC",38.8287,-122.7635,1.1,0.90,41,"Northern California"
ci,15311897,1,"Friday, March 22, 2013 07:51:06 UTC",33.5052,-116.4520,1.0,12.40,30,"Southern California"
pr,13081003,0,"Friday, March 22, 2013 07:39:30 UTC",18.4871,-64.4079,2.9,55.00, 7,"Virgin Gorda, British Virgin Islands"
pr,13081002,0,"Friday, March 22, 2013 07:23:54 UTC",19.0035,-64.4261,3.0,16.00, 9,"Virgin Islands region"
uu,60016632,2,"Friday, March 22, 2013 07:14:29 UTC",40.7680,-111.9740,1.0,2.40,14,"Wasatch Front Urban Corridor, Utah"
ak,10679228,1,"Friday, March 22, 2013 07:04:08 UTC",62.4931,-150.9754,1.9,90.20,23,"Central Alaska"
hv,60481001,1,"Friday, March 22, 2013 06:30:25 UTC",19.2602,-155.2385,1.9,8.60,24,"Island of Hawaii, Hawaii"
ak,10679221,1,"Friday, March 22, 2013 06:17:51 UTC",61.5830,-148.2778,1.3,19.60, 9,"Southern Alaska"
nc,71958325,3,"Friday, March 22, 2013 06:16:51 UTC",37.4110,-121.7532,2.1,9.00,117,"San Francisco Bay area, California"
pr,13081001,0,"Friday, March 22, 2013 05:56:19 UTC",19.6334,-67.6179,3.1,10.00, 9,"Puerto Rico region"
ci,15311889,1,"Friday, March 22, 2013 05:51:40 UTC",33.2130,-116.0698,1.6,7.50,50,"Southern California"
ak,10679210,1,"Friday, March 22, 2013 05:34:40 UTC",63.3056,-145.1468,2.2,39.90, 9,"Central Alaska"
ci,15311873,6,"Friday, March 22, 2013 05:12:34 UTC",32.6015,-115.7183,3.4,12.70,54,"Baja California, Mexico"
ak,10679205,1,"Friday, March 22, 2013 04:48:46 UTC",60.4056,-150.9621,2.2,47.80, 7,"Kenai Peninsula, Alaska"
nc,71958305,2,"Friday, March 22, 2013 04:24:39 UTC",35.5425,-120.7850,1.1,3.30,30,"Central California"
uw,60511981,2,"Friday, March 22, 2013 04:18:58 UTC",46.6045,-119.8523,1.0,7.20,11,"Washington"
nc,71958295,3,"Friday, March 22, 2013 04:12:17 UTC",38.8068,-122.7910,1.0,4.10,46,"Northern California"
ak,10679190,1,"Friday, March 22, 2013 04:04:47 UTC",63.1162,-150.9355,2.0,126.70,24,"Central Alaska"
ak,10679191,1,"Friday, March 22, 2013 04:03:55 UTC",60.3291,-150.8380,1.6,45.00, 6,"Kenai Peninsula, Alaska"
ak,10679189,1,"Friday, March 22, 2013 04:00:44 UTC",64.5569,-149.3005,1.0,13.20, 7,"Central Alaska"
ak,10679185,2,"Friday, March 22, 2013 03:46:43 UTC",71.3432,-145.3617,2.7,49.10,14,"Beaufort Sea"
ak,10679184,1,"Friday, March 22, 2013 03:46:09 UTC",63.4838,-147.0851,1.5,0.00, 6,"Central Alaska"
nn,00406697,1,"Friday, March 22, 2013 03:12:27 UTC",38.0273,-118.0821,1.7,8.50,20,"Nevada"
ci,15311809,0,"Friday, March 22, 2013 03:09:34 UTC",33.4205,-116.3105,1.1,0.00,25,"Southern California"
nc,71958280,3,"Friday, March 22, 2013 03:07:55 UTC",35.7157,-121.0530,1.8,6.80,50,"Central California"
pr,13081000,0,"Friday, March 22, 2013 02:51:16 UTC",18.1993,-67.5012,2.9,151.00,10,"Mona Passage, Puerto Rico"
nc,71958265,3,"Friday, March 22, 2013 02:49:42 UTC",37.9705,-122.0325,1.6,12.30,53,"San Francisco Bay area, California"
ci,15311785,1,"Friday, March 22, 2013 02:18:41 UTC",36.0242,-117.7782,1.3,2.00,12,"Central California"
ak,10679150,1,"Friday, March 22, 2013 01:39:24 UTC",63.5189,-146.4296,1.3,0.10,14,"Central Alaska"
ak,10679140,1,"Friday, March 22, 2013 01:26:07 UTC",63.1432,-150.8123,1.7,125.10,15,"Central Alaska"
ak,10679133,1,"Friday, March 22, 2013 01:18:19 UTC",63.5036,-146.4306,1.7,0.00,23,"Central Alaska"
nc,71070429,2,"Friday, March 22, 2013 01:14:12 UTC",38.7665,-122.7323,1.0,2.00,10,"Northern California"
nc,71958240,3,"Friday, March 22, 2013 01:14:00 UTC",38.7700,-122.7323,1.8,1.70,52,"Northern California"
nn,00406687,1,"Friday, March 22, 2013 00:58:26 UTC",36.7952,-116.0709,1.0,5.70,13,"Nevada"
ak,10678930,1,"Friday, March 22, 2013 00:07:50 UTC",60.5062,-151.4318,1.7,32.00, 9,"Kenai Peninsula, Alaska"
ak,10678917,2,"Thursday, March 21, 2013 23:58:34 UTC",63.2772,-151.1095,1.0,13.20,29,"Central Alaska"
ak,10679658,2,"Thursday, March 21, 2013 23:47:44 UTC",61.1385,-151.1655,1.4,63.20,24,"Southern Alaska"
ak,10679657,2,"Thursday, March 21, 2013 23:35:06 UTC",61.7772,-151.8777,1.5,116.90,16,"Southern Alaska"
nc,71958220,2,"Thursday, March 21, 2013 23:33:43 UTC",37.5953,-118.8437,1.1,10.40,25,"Long Valley area, California"
ak,10679656,2,"Thursday, March 21, 2013 23:32:43 UTC",63.4699,-151.2119,1.0,6.70,17,"Central Alaska"
ak,10678893,1,"Thursday, March 21, 2013 23:32:09 UTC",61.2136,-146.9193,1.5,3.70, 8,"Southern Alaska"
ak,10678884,2,"Thursday, March 21, 2013 23:16:15 UTC",64.9980,-147.4352,1.2,0.00,11,"Central Alaska"
uu,60000995,2,"Thursday, March 21, 2013 23:09:26 UTC",39.4358,-111.2180,1.4,1.70, 7,"Utah"
ak,10678877,2,"Thursday, March 21, 2013 23:07:27 UTC",61.0150,-150.6652,1.4,53.10,29,"Southern Alaska"
nc,71958200,3,"Thursday, March 21, 2013 22:40:34 UTC",39.6240,-120.0097,2.1,4.70,24,"Northern California"
nc,71958195,3,"Thursday, March 21, 2013 22:33:58 UTC",38.8200,-122.7628,1.6,2.50,54,"Northern California"
nc,71958190,3,"Thursday, March 21, 2013 22:29:40 UTC",39.2323,-123.2232,1.5,6.70,15,"Northern California"
ci,15311689,1,"Thursday, March 21, 2013 22:22:24 UTC",34.0355,-117.5798,1.2,11.00,34,"Greater Los Angeles area, California"
nc,71958185,3,"Thursday, March 21, 2013 22:08:28 UTC",39.4943,-123.1148,1.7,3.20,26,"Northern California"
ak,10679652,2,"Thursday, March 21, 2013 21:56:10 UTC",52.4782,-163.6382,2.5,22.10, 8,"south of Alaska"
ci,15311673,1,"Thursday, March 21, 2013 21:55:06 UTC",33.8938,-116.2553,1.1,9.80,28,"Southern California"
ak,10678816,2,"Thursday, March 21, 2013 21:37:31 UTC",63.0002,-148.2668,1.3,67.50,31,"Central Alaska"
nc,71958155,3,"Thursday, March 21, 2013 21:20:42 UTC",38.8177,-122.8262,1.1,3.20,46,"Northern California"
ak,10678788,2,"Thursday, March 21, 2013 21:17:10 UTC",63.9445,-148.7488,1.6,0.00,24,"Central Alaska"
ak,10679649,2,"Thursday, March 21, 2013 21:16:10 UTC",63.2131,-151.8179,1.3,1.00,13,"Central Alaska"
uw,60027008,1,"Thursday, March 21, 2013 21:14:09 UTC",45.8013,-122.4912,1.5,0.00,13,"Washington"
uw,60511941,2,"Thursday, March 21, 2013 21:13:06 UTC",49.3622,-120.4787,2.4,0.00,15,"British Columbia, Canada"
nc,71958145,3,"Thursday, March 21, 2013 20:56:04 UTC",39.6270,-120.0153,1.1,4.10,19,"Northern California"
ak,10678769,2,"Thursday, March 21, 2013 20:54:07 UTC",59.8515,-151.9173,1.7,65.00,30,"Kenai Peninsula, Alaska"
ci,15311625,1,"Thursday, March 21, 2013 20:51:32 UTC",33.4993,-116.4690,1.6,9.50,86,"Southern California"
ak,10678750,2,"Thursday, March 21, 2013 20:40:03 UTC",57.8089,-156.3098,2.9,125.20,42,"Alaska Peninsula"
ak,10679646,2,"Thursday, March 21, 2013 20:34:05 UTC",63.8498,-148.5125,1.0,103.60,10,"Central Alaska"
nc,71958110,2,"Thursday, March 21, 2013 20:32:20 UTC",36.4692,-121.0492,1.3,5.30,22,"Central California"
nc,71958105,2,"Thursday, March 21, 2013 20:21:43 UTC",38.8267,-122.8248,1.0,2.70,41,"Northern California"
uu,60016592,2,"Thursday, March 21, 2013 20:03:43 UTC",39.4430,-111.2193,1.5,1.80,16,"Utah"
ak,10678735,2,"Thursday, March 21, 2013 19:46:22 UTC",60.9676,-138.2403,1.5,4.60, 6,"Southern Yukon Territory, Canada"
ci,15311593,1,"Thursday, March 21, 2013 19:38:09 UTC",35.3748,-118.5332,1.5,9.50,31,"Central California"
ak,10679644,2,"Thursday, March 21, 2013 19:37:03 UTC",54.4690,-161.6041,2.2,15.30, 6,"Alaska Peninsula"
uu,60016582,2,"Thursday, March 21, 2013 19:18:35 UTC",40.5393,-111.0922,1.6,13.70,21,"Utah"
uu,60016577,4,"Thursday, March 21, 2013 19:18:35 UTC",40.5310,-111.0820,1.6,14.30,20,"Utah"
ak,10679643,2,"Thursday, March 21, 2013 19:13:59 UTC",69.4895,-143.3279,2.4,18.10,12,"northern Alaska"
ak,10678716,2,"Thursday, March 21, 2013 19:10:10 UTC",65.0038,-147.4005,1.3,0.00,17,"northern Alaska"
ak,10679641,2,"Thursday, March 21, 2013 19:05:27 UTC",53.5517,-165.5508,1.6,1.30,10,"Fox Islands, Aleutian Islands, Alaska"
ak,10679640,2,"Thursday, March 21, 2013 18:45:01 UTC",63.0872,-151.5459,1.1,6.40,11,"Central Alaska"
nc,71958065,2,"Thursday, March 21, 2013 18:34:52 UTC",37.9898,-122.4507,1.1,0.00,19,"San Francisco Bay area, California"
nc,71958060,2,"Thursday, March 21, 2013 18:24:54 UTC",37.9722,-122.0370,1.4,11.60,24,"San Francisco Bay area, California"
nc,71958055,4,"Thursday, March 21, 2013 18:24:37 UTC",37.9752,-122.0328,1.6,10.80,47,"San Francisco Bay area, California"
ak,10679638,2,"Thursday, March 21, 2013 18:15:33 UTC",62.9776,-151.1544,1.4,126.00,17,"Central Alaska"
ak,10678683,2,"Thursday, March 21, 2013 18:13:35 UTC",62.0895,-145.1762,1.4,17.10,14,"Central Alaska"
ak,10678653,2,"Thursday, March 21, 2013 17:46:59 UTC",63.4292,-147.3628,1.3,1.10,32,"Central Alaska"
ci,15311537,2,"Thursday, March 21, 2013 17:44:36 UTC",35.9483,-117.6662,1.3,2.60,46,"Central California"
ak,10678641,2,"Thursday, March 21, 2013 17:39:18 UTC",62.5121,-150.5712,1.4,74.50,30,"Central Alaska"
ak,10678638,2,"Thursday, March 21, 2013 17:36:36 UTC",60.3554,-151.1785,1.6,45.40,16,"Kenai Peninsula, Alaska"
uu,60016562,2,"Thursday, March 21, 2013 17:32:46 UTC",39.4448,-111.2080,1.4,1.60, 6,"Utah"
nc,71958025,3,"Thursday, March 21, 2013 17:31:42 UTC",36.4692,-121.0507,1.9,5.20,54,"Central California"
nc,71958035,2,"Thursday, March 21, 2013 17:31:17 UTC",36.5710,-121.1230,1.8,9.30,38,"Central California"
nm,032113d,A,"Thursday, March 21, 2013 17:21:55 UTC",36.4053,-89.5312,1.2,7.50,22,"southeastern Missouri"
nc,71958020,3,"Thursday, March 21, 2013 17:13:34 UTC",38.8372,-122.8300,1.2,2.70,50,"Northern California"
nc,71958010,3,"Thursday, March 21, 2013 16:49:54 UTC",38.8350,-122.8303,2.0,2.60,61,"Northern California"
ci,15311505,2,"Thursday, March 21, 2013 16:42:05 UTC",35.8790,-118.3513,1.0,3.90,35,"Central California"
ci,15311497,2,"Thursday, March 21, 2013 16:39:57 UTC",35.9477,-117.6658,1.6,2.40,45,"Central California"
us,b000fqrf,4,"Thursday, March 21, 2013 16:34:35 UTC",35.4670,-97.3960,3.2,5.00, 0,"Oklahoma City urban area, Oklahoma"
ak,10678586,2,"Thursday, March 21, 2013 16:16:58 UTC",61.5719,-151.2173,1.5,75.30,20,"Southern Alaska"
ak,10679630,2,"Thursday, March 21, 2013 16:16:48 UTC",63.2485,-150.7113,1.2,126.10, 9,"Central Alaska"
uu,60016552,4,"Thursday, March 21, 2013 16:10:44 UTC",38.7187,-110.4387,1.8,6.00, 7,"Utah"
ak,10679629,2,"Thursday, March 21, 2013 16:10:16 UTC",62.0190,-151.5452,1.5,85.00,17,"Central Alaska"
us,b000fq9y,C,"Thursday, March 21, 2013 15:56:41 UTC",35.4862,-97.3902,3.3,8.80,45,"Oklahoma City urban area, Oklahoma"
nc,71957995,3,"Thursday, March 21, 2013 15:56:24 UTC",40.4343,-124.6998,2.8,25.30,38,"offshore Northern California"
ci,15311473,2,"Thursday, March 21, 2013 15:38:13 UTC",34.0193,-117.2207,1.6,16.20,95,"Greater Los Angeles area, California"
ci,15311465,2,"Thursday, March 21, 2013 15:28:28 UTC",35.0275,-118.9812,2.0,13.20,33,"Central California"
ak,10678566,2,"Thursday, March 21, 2013 15:19:08 UTC",63.1822,-148.9833,1.0,2.80,23,"Central Alaska"
ak,10678561,2,"Thursday, March 21, 2013 15:15:42 UTC",62.0475,-145.1515,1.6,12.80,29,"Central Alaska"
ci,15311449,2,"Thursday, March 21, 2013 15:04:10 UTC",33.3587,-116.4152,1.0,7.50,55,"Southern California"
ci,15311441,2,"Thursday, March 21, 2013 15:00:39 UTC",34.4522,-116.4903,1.3,6.40,22,"Southern California"
ak,10678551,2,"Thursday, March 21, 2013 14:59:58 UTC",63.4560,-150.8689,1.4,7.60,25,"Central Alaska"
ak,10679624,2,"Thursday, March 21, 2013 14:45:42 UTC",51.9372,-170.4540,3.1,27.30,13,"Fox Islands, Aleutian Islands, Alaska"
pr,13080001,0,"Thursday, March 21, 2013 14:45:08 UTC",18.9941,-64.6727,2.6,5.00, 4,"Virgin Islands region"
hv,60480711,1,"Thursday, March 21, 2013 14:18:31 UTC",19.3423,-155.4910,2.1,8.00,24,"Island of Hawaii, Hawaii"
ak,10678542,2,"Thursday, March 21, 2013 14:16:59 UTC",63.5313,-146.3616,2.1,1.00,46,"Central Alaska"
ci,15311417,1,"Thursday, March 21, 2013 13:56:23 UTC",34.2905,-116.7377,2.1,0.70,102,"Southern California"
ci,15311401,1,"Thursday, March 21, 2013 13:49:23 UTC",35.5635,-118.5118,1.3,0.00,18,"Central California"
ak,10679621,2,"Thursday, March 21, 2013 13:21:53 UTC",56.2052,-157.5715,2.2,48.60, 9,"Alaska Peninsula"
ak,10678523,2,"Thursday, March 21, 2013 12:43:34 UTC",61.4126,-146.6589,2.2,9.60,51,"Southern Alaska"
nc,71957950,2,"Thursday, March 21, 2013 12:14:58 UTC",38.8052,-122.7693,1.0,1.10,31,"Northern California"
ak,10678515,2,"Thursday, March 21, 2013 11:57:29 UTC",61.5658,-149.6972,1.0,36.60,14,"Southern Alaska"
ak,10678507,2,"Thursday, March 21, 2013 11:47:20 UTC",62.2200,-148.4909,1.2,42.60,20,"Central Alaska"
hv,60480671,2,"Thursday, March 21, 2013 11:45:33 UTC",19.5898,-154.9903,2.4,45.20,59,"Hawaii region, Hawaii"
nc,71957935,3,"Thursday, March 21, 2013 11:39:39 UTC",38.8048,-122.7695,1.5,1.20,48,"Northern California"
ci,15311345,1,"Thursday, March 21, 2013 11:25:08 UTC",33.4858,-116.4128,1.6,14.30,93,"Southern California"
nc,71957915,2,"Thursday, March 21, 2013 11:15:57 UTC",38.8208,-122.7628,1.6,2.60,32,"Northern California"
nc,71070419,2,"Thursday, March 21, 2013 11:15:51 UTC",38.8217,-122.7640,1.6,2.60,42,"Northern California"
ci,15311329,1,"Thursday, March 21, 2013 11:13:51 UTC",35.9450,-117.6690,1.1,2.50,22,"Central California"
ci,15311313,1,"Thursday, March 21, 2013 11:12:44 UTC",35.9468,-117.6670,1.4,2.40,29,"Central California"
nc,71957895,3,"Thursday, March 21, 2013 11:05:06 UTC",38.8110,-122.8242,1.9,2.20,57,"Northern California"
nc,71957890,2,"Thursday, March 21, 2013 10:57:07 UTC",36.0125,-121.0307,1.1,11.00,15,"Central California"
ak,10679614,2,"Thursday, March 21, 2013 10:52:38 UTC",60.0698,-153.3473,2.2,140.00,24,"Southern Alaska"
pr,13080002,0,"Thursday, March 21, 2013 10:34:13 UTC",17.9650,-65.3876,2.0,13.00, 6,"Puerto Rico region"
ci,15311281,1,"Thursday, March 21, 2013 10:29:54 UTC",32.9507,-116.0193,1.3,10.20,35,"Southern California"
ci,15311249,1,"Thursday, March 21, 2013 10:20:47 UTC",35.9445,-117.6647,1.0,2.00,14,"Central California"
ak,10678472,2,"Thursday, March 21, 2013 10:14:05 UTC",62.1200,-145.2356,1.2,20.00, 8,"Central Alaska"
ak,10678469,2,"Thursday, March 21, 2013 10:11:50 UTC",62.0688,-148.2239,1.2,41.00,22,"Central Alaska"
ci,15311233,2,"Thursday, March 21, 2013 10:11:15 UTC",35.9445,-117.6700,1.4,2.60,39,"Central California"
ci,15311217,5,"Thursday, March 21, 2013 10:07:05 UTC",35.9455,-117.6650,2.8,2.20,63,"Central California"
ak,10679610,2,"Thursday, March 21, 2013 09:44:20 UTC",59.6796,-153.0773,2.2,113.20,35,"Southern Alaska"
ci,15311201,2,"Thursday, March 21, 2013 09:40:58 UTC",33.4985,-116.4757,2.1,8.80,118,"Southern California"
nc,71957855,2,"Thursday, March 21, 2013 09:35:52 UTC",35.6648,-121.0727,1.3,5.30,27,"Central California"
ak,10678456,2,"Thursday, March 21, 2013 09:26:11 UTC",61.9645,-149.5988,2.2,33.60,70,"Southern Alaska"
ci,15311185,1,"Thursday, March 21, 2013 09:18:40 UTC",33.5072,-116.4675,1.0,10.30,53,"Southern California"
nc,71957850,2,"Thursday, March 21, 2013 09:12:34 UTC",36.5913,-121.1935,1.0,6.70,26,"Central California"
nn,00406551,1,"Thursday, March 21, 2013 09:01:30 UTC",38.0258,-118.0455,1.2,0.00, 8,"Nevada"
ak,10679608,2,"Thursday, March 21, 2013 08:59:54 UTC",62.0396,-147.9158,1.0,35.70,13,"Central Alaska"
nc,71957840,3,"Thursday, March 21, 2013 08:46:55 UTC",38.7945,-122.7783,1.0,4.00,52,"Northern California"
ci,15311161,1,"Thursday, March 21, 2013 08:45:40 UTC",36.0227,-117.7707,1.0,2.20,14,"Central California"
ak,10679607,2,"Thursday, March 21, 2013 08:42:02 UTC",63.1405,-150.9612,1.4,125.90,11,"Central Alaska"
ak,10679606,2,"Thursday, March 21, 2013 08:41:36 UTC",52.7813,179.3090,2.2,31.10, 8,"Rat Islands, Aleutian Islands, Alaska"
us,b000fq4l,5,"Thursday, March 21, 2013 08:31:56 UTC",23.5876,63.4372,4.5,13.20,35,"off the coast of Pakistan"
nc,71957835,3,"Thursday, March 21, 2013 08:23:26 UTC",38.8133,-122.7877,1.2,2.60,44,"Northern California"
pr,13080000,0,"Thursday, March 21, 2013 08:17:40 UTC",19.2210,-64.4730,3.3,50.00, 9,"Virgin Islands region"
ak,10678447,2,"Thursday, March 21, 2013 08:05:17 UTC",51.8862,-173.9211,1.4,3.90, 6,"Andreanof Islands, Aleutian Islands, Alaska"
nm,032113c,A,"Thursday, March 21, 2013 07:57:07 UTC",36.4911,-89.5325,1.6,7.40,20,"southeastern Missouri"
ci,15311153,1,"Thursday, March 21, 2013 07:56:45 UTC",33.6880,-117.4863,2.0,2.80,127,"Southern California"
ak,10678445,2,"Thursday, March 21, 2013 07:56:15 UTC",51.6159,-177.9652,1.3,5.50, 8,"Andreanof Islands, Aleutian Islands, Alaska"
ak,10679602,2,"Thursday, March 21, 2013 07:49:24 UTC",63.1430,-149.3376,1.2,75.00,23,"Central Alaska"
uu,60016527,4,"Thursday, March 21, 2013 07:41:46 UTC",40.5385,-111.0798,1.4,11.10,28,"Utah"
nm,032113b,A,"Thursday, March 21, 2013 07:40:50 UTC",36.6175,-92.3498,1.9,11.00,13,"Missouri"
nn,00406550,1,"Thursday, March 21, 2013 07:40:46 UTC",36.4614,-115.1630,1.3,9.30,13,"Nevada"
nc,71957825,2,"Thursday, March 21, 2013 07:30:25 UTC",37.2902,-119.4972,1.8,34.00, 8,"Central California"
ak,10679601,2,"Thursday, March 21, 2013 07:15:43 UTC",51.2248,-179.0566,1.9,18.90,12,"Andreanof Islands, Aleutian Islands, Alaska"
uu,60016522,2,"Thursday, March 21, 2013 07:02:26 UTC",39.4438,-111.2210,1.7,1.70, 8,"Utah"
ak,10678439,2,"Thursday, March 21, 2013 06:56:45 UTC",61.3565,-150.5427,1.6,48.00,38,"Southern Alaska"
ci,15311113,1,"Thursday, March 21, 2013 06:52:15 UTC",34.0650,-119.0228,2.4,9.50,58,"Channel Islands region, California"
ci,15311105,3,"Thursday, March 21, 2013 06:47:28 UTC",34.1828,-117.3768,1.1,14.00,53,"Greater Los Angeles area, California"
ci,15311089,1,"Thursday, March 21, 2013 06:37:32 UTC",36.0375,-117.7753,1.0,2.40,17,"Central California"
ci,15311081,0,"Thursday, March 21, 2013 06:36:53 UTC",36.0390,-117.7728,1.5,2.10,23,"Central California"
nc,71957810,2,"Thursday, March 21, 2013 06:15:57 UTC",35.6045,-120.7713,1.0,5.70,24,"Central California"
uu,60016517,4,"Thursday, March 21, 2013 06:04:06 UTC",37.7312,-110.6700,1.7,3.40,14,"Utah"
ci,15311049,1,"Thursday, March 21, 2013 05:36:14 UTC",35.8650,-118.1028,1.2,11.50,35,"Central California"
us,b000fq2v,6,"Thursday, March 21, 2013 05:34:34 UTC",36.7536,140.4022,4.7,81.30,43,"near the east coast of Honshu, Japan"
us,b000fq2q,7,"Thursday, March 21, 2013 05:27:36 UTC",-22.0119,-179.5001,5.0,601.70,54,"south of the Fiji Islands"
ak,10678411,2,"Thursday, March 21, 2013 05:14:09 UTC",61.2729,-146.9948,1.2,19.60,16,"Southern Alaska"
nc,71957785,3,"Thursday, March 21, 2013 05:04:34 UTC",38.8183,-122.8208,1.2,3.00,50,"Northern California"
ci,15311025,1,"Thursday, March 21, 2013 05:00:11 UTC",36.0375,-117.7817,1.0,2.60,16,"Central California"
ak,10678404,2,"Thursday, March 21, 2013 04:58:02 UTC",61.3497,-149.7248,1.3,39.30,28,"Southern Alaska"
ci,15311009,1,"Thursday, March 21, 2013 04:44:56 UTC",33.3470,-116.8950,1.8,16.20,100,"Southern California"
ak,10679595,2,"Thursday, March 21, 2013 04:41:21 UTC",62.3620,-150.8537,1.2,56.90,13,"Central Alaska"
ak,10678392,2,"Thursday, March 21, 2013 04:33:52 UTC",60.0800,-151.4693,2.1,63.70,61,"Kenai Peninsula, Alaska"
ci,15311001,2,"Thursday, March 21, 2013 04:28:48 UTC",35.8195,-116.8062,1.6,2.80,30,"Central California"
ak,10678382,2,"Thursday, March 21, 2013 04:06:13 UTC",63.5102,-146.4930,1.6,2.90,41,"Central Alaska"
nm,032113a,A,"Thursday, March 21, 2013 03:58:21 UTC",36.7366,-91.7167,2.0,13.30,17,"southeastern Missouri"
us,b000fq1t,6,"Thursday, March 21, 2013 03:54:01 UTC",12.5967,-87.6658,4.9,85.70,52,"near the coast of Nicaragua"
nc,71957760,3,"Thursday, March 21, 2013 03:31:25 UTC",38.8143,-122.8320,1.4,2.70,46,"Northern California"
ak,10679592,2,"Thursday, March 21, 2013 03:30:47 UTC",63.3109,-151.0515,1.0,16.00,15,"Central Alaska"
ak,10678376,3,"Thursday, March 21, 2013 03:22:14 UTC",51.1734,-179.2161,3.8,22.50,22,"Andreanof Islands, Aleutian Islands, Alaska"
ak,10678375,2,"Thursday, March 21, 2013 03:19:56 UTC",51.5969,-177.4072,1.3,23.40,12,"Andreanof Islands, Aleutian Islands, Alaska"
ci,15310977,2,"Thursday, March 21, 2013 03:17:41 UTC",34.2247,-117.4755,1.0,10.20,27,"Greater Los Angeles area, California"
ak,10678367,2,"Thursday, March 21, 2013 02:40:27 UTC",64.0993,-147.7917,1.0,9.40,28,"Central Alaska"
ci,15310953,2,"Thursday, March 21, 2013 02:31:01 UTC",35.8342,-117.6825,1.3,2.90,38,"Central California"
uw,60511861,2,"Thursday, March 21, 2013 02:27:22 UTC",41.9260,-119.6637,1.8,6.30, 6,"Nevada"
ak,10679588,2,"Thursday, March 21, 2013 02:26:40 UTC",51.3012,-177.8404,1.4,17.80, 9,"Andreanof Islands, Aleutian Islands, Alaska"
us,b000fq2j,6,"Thursday, March 21, 2013 02:23:47 UTC",35.6043,-96.8618,2.3,5.00,11,"Oklahoma"
ak,10678361,2,"Thursday, March 21, 2013 02:11:43 UTC",63.2608,-151.7346,1.6,2.40,30,"Central Alaska"
ci,15310929,3,"Thursday, March 21, 2013 01:39:54 UTC",33.5127,-116.4700,1.1,11.90,69,"Southern California"
ak,10678351,2,"Thursday, March 21, 2013 01:37:47 UTC",51.2948,-178.2136,2.7,25.50,20,"Andreanof Islands, Aleutian Islands, Alaska"
uu,60016487,2,"Thursday, March 21, 2013 01:35:44 UTC",40.7630,-111.9720,1.0,1.70,19,"Wasatch Front Urban Corridor, Utah"
ak,10678347,2,"Thursday, March 21, 2013 01:35:37 UTC",63.3296,-149.3737,1.9,87.50,52,"Central Alaska"
uu,60016462,4,"Thursday, March 21, 2013 01:02:25 UTC",40.7672,-111.9688,1.5,4.30,30,"Wasatch Front Urban Corridor, Utah"
uw,60511851,2,"Thursday, March 21, 2013 01:01:46 UTC",48.0297,-123.4343,1.1,39.30,21,"Olympic Peninsula, Washington"
ci,15310913,2,"Thursday, March 21, 2013 01:00:59 UTC",33.5015,-116.4693,1.2,9.60,60,"Southern California"
ak,10679581,2,"Thursday, March 21, 2013 00:49:35 UTC",63.6118,-149.4493,1.1,109.20,18,"Central Alaska"
ak,10678178,2,"Thursday, March 21, 2013 00:41:17 UTC",61.0355,-152.3549,1.9,113.90,39,"Southern Alaska"
ak,10679579,2,"Thursday, March 21, 2013 00:15:40 UTC",51.7318,-175.5570,1.5,21.50,20,"Andreanof Islands, Aleutian Islands, Alaska"
ak,10678170,3,"Thursday, March 21, 2013 00:11:46 UTC",62.9518,-148.1782,1.1,63.10,22,"Central Alaska"
ak,10678155,2,"Wednesday, March 20, 2013 23:42:52 UTC",64.0248,-147.1528,1.4,5.70,31,"Central Alaska"
uu,60016452,3,"Wednesday, March 20, 2013 23:19:19 UTC",38.8615,-111.3537,1.3,1.40, 5,"Utah"
ak,10678004,3,"Wednesday, March 20, 2013 23:11:35 UTC",52.0087,-173.4133,2.7,51.00,20,"Andreanof Islands, Aleutian Islands, Alaska"
ak,10677990,2,"Wednesday, March 20, 2013 23:06:28 UTC",51.8506,-173.8604,1.9,0.10,13,"Andreanof Islands, Aleutian Islands, Alaska"
ak,10677988,2,"Wednesday, March 20, 2013 23:04:59 UTC",64.9899,-147.3599,1.3,0.00,18,"Central Alaska"
ci,15310761,2,"Wednesday, March 20, 2013 23:03:19 UTC",35.0345,-117.6843,1.5,0.00,16,"Southern California"
ak,10677982,2,"Wednesday, March 20, 2013 22:55:06 UTC",51.5687,-176.6809,1.9,36.50,22,"Andreanof Islands, Aleutian Islands, Alaska"
uu,60016447,2,"Wednesday, March 20, 2013 22:49:18 UTC",40.5343,-111.0808,1.2,10.40,17,"Utah"
nc,71957715,2,"Wednesday, March 20, 2013 22:48:01 UTC",38.8285,-122.8070,1.1,0.80,45,"Northern California"
ak,10677969,2,"Wednesday, March 20, 2013 22:45:26 UTC",60.5104,-141.4746,1.2,5.70,17,"Southern Alaska"
us,b000fpy9,7,"Wednesday, March 20, 2013 22:28:59 UTC",55.5465,-35.0581,5.3,10.00,145,"Reykjanes Ridge"
ak,10677952,2,"Wednesday, March 20, 2013 22:19:17 UTC",62.8084,-149.7725,1.2,68.50,23,"Central Alaska"
nn,00406530,1,"Wednesday, March 20, 2013 22:10:16 UTC",38.0227,-118.0340,1.3,0.00,12,"Nevada"
ak,10677932,2,"Wednesday, March 20, 2013 22:08:09 UTC",61.2825,-146.8512,1.8,14.90,29,"Southern Alaska"
ak,10677927,2,"Wednesday, March 20, 2013 21:56:10 UTC",52.7398,-167.5297,1.9,37.90,13,"Fox Islands, Aleutian Islands, Alaska"
ak,10677924,2,"Wednesday, March 20, 2013 21:53:59 UTC",63.4051,-151.0592,1.1,12.40,22,"Central Alaska"
uu,60016392,4,"Wednesday, March 20, 2013 21:38:23 UTC",40.7668,-111.9670,1.8,5.00,29,"Wasatch Front Urban Corridor, Utah"
ak,10677912,2,"Wednesday, March 20, 2013 21:23:13 UTC",52.1318,-174.2143,1.4,1.00,12,"Andreanof Islands, Aleutian Islands, Alaska"
nc,71957695,2,"Wednesday, March 20, 2013 21:10:00 UTC",37.5748,-118.8230,1.0,9.70,22,"Central California"
ci,15310673,2,"Wednesday, March 20, 2013 21:07:49 UTC",33.0588,-114.9478,1.8,0.00, 5,"Southern California"
ak,10677896,2,"Wednesday, March 20, 2013 21:07:49 UTC",63.4954,-146.4827,1.5,2.80,30,"Central Alaska"
nc,71957690,2,"Wednesday, March 20, 2013 21:07:47 UTC",37.3250,-122.1037,1.7,0.00,17,"San Francisco Bay area, California"
hv,60480456,2,"Wednesday, March 20, 2013 20:54:23 UTC",19.4050,-155.6298,2.6,1.50,33,"Island of Hawaii, Hawaii"
ak,10677885,2,"Wednesday, March 20, 2013 20:53:14 UTC",62.3409,-151.1006,2.0,79.50,54,"Central Alaska"
ak,10677883,2,"Wednesday, March 20, 2013 20:48:31 UTC",61.5537,-141.1358,1.8,6.50,21,"Southern Alaska"
ak,10677876,2,"Wednesday, March 20, 2013 20:45:45 UTC",63.3238,-151.1704,2.0,6.80,38,"Central Alaska"
ak,10677872,2,"Wednesday, March 20, 2013 20:43:11 UTC",63.4955,-146.5955,2.3,8.90,49,"Central Alaska"
ci,15310665,0,"Wednesday, March 20, 2013 20:37:22 UTC",33.5023,-116.4638,1.3,9.30,52,"Southern California"
mb,13464153,2,"Wednesday, March 20, 2013 20:36:32 UTC",44.8208,-112.8928,1.6,6.40,28,"western Montana"
ak,10677867,2,"Wednesday, March 20, 2013 20:30:21 UTC",51.4996,-175.9599,1.3,24.00,18,"Andreanof Islands, Aleutian Islands, Alaska"
ak,10677860,2,"Wednesday, March 20, 2013 20:17:17 UTC",61.4884,-146.2460,1.4,28.30,23,"Southern Alaska"
ak,10679009,2,"Wednesday, March 20, 2013 20:13:41 UTC",63.2243,-150.8133,1.3,124.60,16,"Central Alaska"
ak,10677853,2,"Wednesday, March 20, 2013 20:11:45 UTC",63.5096,-147.7327,1.0,15.30,26,"Central Alaska"
ak,10677854,2,"Wednesday, March 20, 2013 20:11:39 UTC",60.2613,-151.0568,1.7,60.10,29,"Kenai Peninsula, Alaska"
ci,15310625,2,"Wednesday, March 20, 2013 20:04:11 UTC",34.8528,-118.7790,1.3,0.00, 9,"Central California"
ak,10677848,2,"Wednesday, March 20, 2013 20:00:30 UTC",62.0448,-145.1446,1.2,18.10,19,"Central Alaska"
us,b000fpqe,7,"Wednesday, March 20, 2013 19:25:03 UTC",-27.9050,-66.7657,4.8,149.80,38,"Catamarca, Argentina"
ak,10677830,2,"Wednesday, March 20, 2013 19:23:07 UTC",51.4341,-176.9029,1.4,34.90,14,"Andreanof Islands, Aleutian Islands, Alaska"
ci,15310593,2,"Wednesday, March 20, 2013 19:17:19 UTC",33.2860,-116.7783,1.0,13.90,44,"Southern California"
ak,10677791,2,"Wednesday, March 20, 2013 18:32:02 UTC",61.5228,-146.5231,1.2,34.30,16,"Southern Alaska"
uw,60511801,6,"Wednesday, March 20, 2013 18:17:13 UTC",43.6453,-121.3822,1.9,0.00,13,"Oregon"
us,b000fpp8,5,"Wednesday, March 20, 2013 18:16:09 UTC",7.4413,94.0970,4.4,35.00,22,"Nicobar Islands, India region"
ak,10679003,2,"Wednesday, March 20, 2013 18:11:45 UTC",63.6274,-147.4007,1.1,68.40,27,"Central Alaska"
nc,71957650,2,"Wednesday, March 20, 2013 17:57:53 UTC",38.7560,-122.7250,1.1,2.50,30,"Northern California"
ak,10677755,2,"Wednesday, March 20, 2013 17:55:54 UTC",59.8883,-152.8274,2.2,101.90,41,"Southern Alaska"
ak,10679001,2,"Wednesday, March 20, 2013 17:25:38 UTC",60.3247,-153.4826,2.2,163.80,36,"Southern Alaska"
us,b000fpmu,6,"Wednesday, March 20, 2013 17:21:56 UTC",51.4714,-130.2469,4.1,11.30,72,"Queen Charlotte Islands, Canada region"
us,b000fpmx,5,"Wednesday, March 20, 2013 17:18:10 UTC",-31.8848,-177.5078,4.9,30.10,32,"Kermadec Islands region"
ci,15310481,2,"Wednesday, March 20, 2013 17:03:06 UTC",34.6280,-117.1113,1.9,0.00,31,"Southern California"
us,2013mzax,5,"Wednesday, March 20, 2013 16:53:34 UTC",-6.8816,127.1947,4.3,414.70,27,"Banda Sea"
ci,15310449,0,"Wednesday, March 20, 2013 16:37:10 UTC",36.1115,-117.9215,1.4,8.70,16,"Central California"
ak,10677714,2,"Wednesday, March 20, 2013 16:34:28 UTC",63.5002,-147.8702,1.1,1.40,28,"Central Alaska"
us,2013mzav,7,"Wednesday, March 20, 2013 16:24:36 UTC",6.6175,-72.7745,4.4,170.30,70,"northern Colombia"
ci,15310433,5,"Wednesday, March 20, 2013 16:22:39 UTC",34.0150,-118.2090,2.8,14.90,106,"Greater Los Angeles area, California"
ci,15310401,3,"Wednesday, March 20, 2013 15:38:02 UTC",33.5150,-116.4775,1.4,11.50,33,"Southern California"
ci,15310393,2,"Wednesday, March 20, 2013 15:26:24 UTC",33.5117,-116.4578,1.0,7.90,33,"Southern California"
ak,10677672,3,"Wednesday, March 20, 2013 15:16:55 UTC",63.3232,-151.0499,2.9,15.40,42,"Central Alaska"
ak,10677670,3,"Wednesday, March 20, 2013 15:16:31 UTC",63.3163,-151.1112,2.8,13.40,26,"Central Alaska"
ak,10677666,2,"Wednesday, March 20, 2013 15:14:00 UTC",63.5079,-146.4899,1.7,5.70,38,"Central Alaska"
ak,10677658,2,"Wednesday, March 20, 2013 15:02:48 UTC",63.1982,-150.4548,2.3,105.70,56,"Central Alaska"
ak,10677656,2,"Wednesday, March 20, 2013 15:00:16 UTC",62.2201,-151.2042,1.5,81.90,33,"Central Alaska"
ak,10678992,2,"Wednesday, March 20, 2013 14:53:34 UTC",63.1705,-149.9132,1.0,91.10,17,"Central Alaska"
ak,10677655,2,"Wednesday, March 20, 2013 14:50:46 UTC",52.0424,-174.0228,2.4,5.10,21,"Andreanof Islands, Aleutian Islands, Alaska"
ci,15310369,2,"Wednesday, March 20, 2013 14:40:57 UTC",32.1188,-115.1585,2.4,10.00,11,"Baja California, Mexico"
ci,15310353,3,"Wednesday, March 20, 2013 14:19:33 UTC",33.5143,-116.4742,1.1,10.60,51,"Southern California"
nc,71957575,2,"Wednesday, March 20, 2013 14:12:22 UTC",37.5612,-118.8770,1.1,5.20,25,"Central California"
ak,10677642,2,"Wednesday, March 20, 2013 14:07:42 UTC",62.6873,-150.3501,1.4,78.70,30,"Central Alaska"
us,b000fpj7,9,"Wednesday, March 20, 2013 14:02:30 UTC",-22.0247,-179.4913,5.1,599.10,302,"south of the Fiji Islands"
ci,15310313,2,"Wednesday, March 20, 2013 13:59:41 UTC",35.0882,-118.7478,1.2,9.30,13,"Central California"
ak,10677638,2,"Wednesday, March 20, 2013 13:56:39 UTC",64.4917,-141.1005,1.2,9.10,12,"Central Alaska"
ak,10677632,2,"Wednesday, March 20, 2013 13:47:56 UTC",62.1067,-145.2304,1.7,18.70,31,"Central Alaska"
nc,71957565,3,"Wednesday, March 20, 2013 13:42:13 UTC",37.7548,-122.5758,1.7,6.80,58,"offshore Northern California"
ci,15310297,2,"Wednesday, March 20, 2013 13:25:19 UTC",35.6418,-118.3037,1.2,9.20,17,"Central California"
pr,13079001,0,"Wednesday, March 20, 2013 12:58:45 UTC",18.2329,-68.4785,3.0,157.00, 7,"Mona Passage, Dominican Republic"
ci,15310273,2,"Wednesday, March 20, 2013 12:57:01 UTC",36.1498,-118.2425,2.0,4.80,35,"Central California"
ak,10677612,2,"Wednesday, March 20, 2013 12:43:15 UTC",64.7058,-147.4570,1.2,2.40,26,"Central Alaska"
ak,10677610,2,"Wednesday, March 20, 2013 12:20:39 UTC",64.4935,-149.4009,1.0,16.10,23,"Central Alaska"
ci,15310249,2,"Wednesday, March 20, 2013 11:52:15 UTC",34.2278,-117.4783,1.2,10.10,36,"Southern California"
ak,10677603,2,"Wednesday, March 20, 2013 11:51:23 UTC",62.2725,-152.0372,1.5,105.90,24,"Central Alaska"
nc,71957540,3,"Wednesday, March 20, 2013 11:51:14 UTC",37.7540,-122.5725,2.5,7.40,142,"offshore Northern California"
ak,10677601,3,"Wednesday, March 20, 2013 11:37:38 UTC",54.2351,-166.2078,1.8,36.60,13,"Fox Islands, Aleutian Islands, Alaska"
ak,10678982,2,"Wednesday, March 20, 2013 11:29:50 UTC",54.1601,-166.1418,2.1,119.60,21,"Fox Islands, Aleutian Islands, Alaska"
us,b000fphj,5,"Wednesday, March 20, 2013 11:18:16 UTC",58.9131,-34.2487,4.6,10.00,20,"Reykjanes Ridge"
ak,10677593,2,"Wednesday, March 20, 2013 11:16:48 UTC",63.5291,-151.2558,1.8,8.50,28,"Central Alaska"
ci,15310241,3,"Wednesday, March 20, 2013 11:06:43 UTC",34.0767,-117.2925,1.2,16.20,40,"Greater Los Angeles area, California"
us,b000fphd,5,"Wednesday, March 20, 2013 11:02:17 UTC",58.3680,-32.0200,4.8,10.00,58,"Reykjanes Ridge"
nc,71957525,3,"Wednesday, March 20, 2013 10:58:40 UTC",35.5555,-120.8513,1.1,5.60,29,"Central California"
us,b000fph4,5,"Wednesday, March 20, 2013 10:55:06 UTC",58.3208,-32.0558,4.6,10.00,44,"Reykjanes Ridge"
us,b000fpgx,7,"Wednesday, March 20, 2013 10:51:39 UTC",58.3702,-31.9909,4.6,10.00,48,"Reykjanes Ridge"
ak,10677579,2,"Wednesday, March 20, 2013 10:51:17 UTC",63.2797,-151.0836,1.8,9.40,31,"Central Alaska"
us,b000fpgr,7,"Wednesday, March 20, 2013 10:44:34 UTC",7.6189,125.9371,4.7,35.50,37,"Mindanao, Philippines"
hv,60480241,4,"Wednesday, March 20, 2013 10:32:06 UTC",19.3390,-155.1345,1.4,7.20,25,"Island of Hawaii, Hawaii"
hv,60480236,1,"Wednesday, March 20, 2013 10:20:40 UTC",19.4053,-155.2777,1.7,0.10,12,"Island of Hawaii, Hawaii"
hv,60480231,1,"Wednesday, March 20, 2013 10:19:58 UTC",19.2148,-155.5242,2.7,9.40,11,"Island of Hawaii, Hawaii"
ak,10678979,2,"Wednesday, March 20, 2013 10:08:34 UTC",63.0525,-150.8697,1.2,108.60,21,"Central Alaska"
pt,13079000,A,"Wednesday, March 20, 2013 10:06:48 UTC",13.0000,-70.0000,1.0,20.00, 9,"Aruba region"
ak,10677573,2,"Wednesday, March 20, 2013 10:04:44 UTC",63.4492,-151.7913,1.0,3.80,21,"Central Alaska"
ak,10677571,2,"Wednesday, March 20, 2013 10:01:01 UTC",63.3185,-145.3999,1.1,10.30,21,"Central Alaska"
pr,13079000,0,"Wednesday, March 20, 2013 09:44:19 UTC",18.7208,-64.9057,2.4,10.00, 3,"Virgin Islands region"
ak,10677567,2,"Wednesday, March 20, 2013 09:04:17 UTC",62.1198,-152.0887,1.7,126.10,35,"Central Alaska"
nn,00406460,1,"Wednesday, March 20, 2013 08:38:42 UTC",38.0115,-118.0765,1.3,7.90, 7,"Nevada"
us,b000fpfk,N,"Wednesday, March 20, 2013 08:04:43 UTC",-20.1050,-176.2640,4.7,225.90,55,"Fiji region"
ci,15310209,4,"Wednesday, March 20, 2013 07:50:17 UTC",33.3448,-116.3550,2.9,13.40,119,"Southern California"
ak,10677555,2,"Wednesday, March 20, 2013 07:38:56 UTC",63.5086,-146.5019,1.6,1.10,33,"Central Alaska"
ak,10677552,2,"Wednesday, March 20, 2013 07:37:02 UTC",63.5168,-146.4979,1.6,1.40,40,"Central Alaska"
ak,10678973,2,"Wednesday, March 20, 2013 07:30:47 UTC",63.0690,-150.6253,1.3,111.20,24,"Central Alaska"
ak,10678972,2,"Wednesday, March 20, 2013 07:18:02 UTC",63.1799,-150.8148,1.3,128.70,21,"Central Alaska"
uu,60016302,4,"Wednesday, March 20, 2013 06:46:00 UTC",37.8745,-113.0378,2.7,12.30,24,"Utah"
ci,15310201,1,"Wednesday, March 20, 2013 06:38:26 UTC",33.6727,-116.7052,1.6,19.00,110,"Southern California"
nc,71957455,2,"Wednesday, March 20, 2013 06:31:09 UTC",35.7323,-121.1188,1.0,7.50,18,"Central California"
nc,71957450,2,"Wednesday, March 20, 2013 06:27:16 UTC",36.6590,-121.2807,1.0,1.60,20,"Central California"
ak,10678971,2,"Wednesday, March 20, 2013 06:11:10 UTC",63.1179,-149.7139,1.0,84.30,14,"Central Alaska"
nc,71957440,2,"Wednesday, March 20, 2013 06:08:07 UTC",38.7830,-122.7237,1.1,2.30,40,"Northern California"
nn,00406453,1,"Wednesday, March 20, 2013 05:56:36 UTC",38.1866,-116.5376,1.3,12.00, 5,"Nevada"
ak,10677541,2,"Wednesday, March 20, 2013 05:56:34 UTC",62.5829,-148.9631,1.5,58.70,40,"Central Alaska"
ak,10677539,2,"Wednesday, March 20, 2013 05:43:12 UTC",63.3321,-144.9767,1.1,12.30,19,"Central Alaska"
ci,15310185,1,"Wednesday, March 20, 2013 05:38:01 UTC",33.9365,-118.7165,1.5,12.90,20,"Channel Islands region, California"
ak,10678965,2,"Wednesday, March 20, 2013 05:30:05 UTC",61.7792,-149.5472,1.1,36.60,27,"Southern Alaska"
ak,10678964,2,"Wednesday, March 20, 2013 05:29:13 UTC",52.1205,-179.9119,2.6,184.00,18,"Andreanof Islands, Aleutian Islands, Alaska"
us,b000fpdz,4,"Wednesday, March 20, 2013 05:21:57 UTC",-11.7759,42.2338,4.7,10.00,20,"Comoros region"
us,b000fpdx,5,"Wednesday, March 20, 2013 05:17:01 UTC",-3.6335,127.4360,4.6,72.60,33,"Seram, Indonesia"
nc,71957415,2,"Wednesday, March 20, 2013 05:11:31 UTC",36.6367,-121.2307,1.2,5.20,22,"Central California"
ak,10677531,2,"Wednesday, March 20, 2013 05:03:58 UTC",63.2827,-151.2114,1.0,11.00,22,"Central Alaska"
ak,10677529,2,"Wednesday, March 20, 2013 04:59:54 UTC",57.7602,-136.5534,2.5,14.80,16,"Southeastern Alaska"
ak,10677523,2,"Wednesday, March 20, 2013 04:57:05 UTC",63.1129,-150.5712,1.7,112.30,44,"Central Alaska"
ak,10677520,2,"Wednesday, March 20, 2013 04:46:33 UTC",59.8328,-151.9420,1.8,61.10,31,"Kenai Peninsula, Alaska"
ak,10677511,2,"Wednesday, March 20, 2013 04:34:21 UTC",62.8869,-150.5258,2.8,92.60,79,"Central Alaska"
ak,10677509,2,"Wednesday, March 20, 2013 04:23:37 UTC",64.2806,-148.2452,1.0,4.30,18,"Central Alaska"
ci,15310129,0,"Wednesday, March 20, 2013 04:23:25 UTC",36.0838,-117.8453,1.4,1.70,29,"Central California"
ak,10677506,2,"Wednesday, March 20, 2013 04:13:28 UTC",66.1351,-149.6135,1.2,19.70,15,"northern Alaska"
nc,71957385,3,"Wednesday, March 20, 2013 04:06:33 UTC",39.6038,-123.3822,1.7,10.20,17,"Northern California"
ak,10678956,2,"Wednesday, March 20, 2013 04:04:07 UTC",55.6427,-134.9386,2.1,20.60,10,"Southeastern Alaska"
nc,71957375,3,"Wednesday, March 20, 2013 03:41:36 UTC",38.7878,-122.7620,2.3,2.00,74,"Northern California"
nc,71957370,3,"Wednesday, March 20, 2013 03:37:45 UTC",39.2410,-120.0905,1.3,9.30,16,"Northern California"
ak,10678955,2,"Wednesday, March 20, 2013 03:23:22 UTC",65.3255,-162.3775,2.5,4.00,10,"northern Alaska"
ci,15310089,1,"Wednesday, March 20, 2013 03:08:46 UTC",34.0100,-117.1718,1.0,2.90,55,"Greater Los Angeles area, California"
ci,15310081,2,"Wednesday, March 20, 2013 03:01:38 UTC",33.9847,-118.2525,1.4,11.90,33,"Greater Los Angeles area, California"
ak,10677494,2,"Wednesday, March 20, 2013 02:48:28 UTC",63.1329,-151.4982,1.3,9.00,22,"Central Alaska"
nc,71957350,2,"Wednesday, March 20, 2013 02:41:36 UTC",38.7663,-122.6970,1.2,2.50,37,"Northern California"
nc,71957345,2,"Wednesday, March 20, 2013 02:14:35 UTC",37.6457,-119.3838,1.1,7.40,12,"Central California"
us,b000fpdb,6,"Wednesday, March 20, 2013 02:10:26 UTC",12.6151,93.5751,4.7,96.70,40,"Andaman Islands, India region"
ak,10677488,2,"Wednesday, March 20, 2013 01:50:37 UTC",62.4077,-149.4457,1.2,57.40,25,"Central Alaska"
ak,10677481,2,"Wednesday, March 20, 2013 01:26:01 UTC",63.3458,-144.9186,1.0,5.10,16,"Central Alaska"
us,b000fpd2,5,"Wednesday, March 20, 2013 00:53:56 UTC",35.7499,95.8846,4.4,9.90,39,"southern Qinghai, China"
nc,71957330,2,"Wednesday, March 20, 2013 00:37:44 UTC",37.6445,-119.3838,1.1,6.30,14,"Central California"
ci,37108956,2,"Wednesday, March 20, 2013 00:33:14 UTC",34.0323,-117.2465,1.1,16.70,45,"Greater Los Angeles area, California"
nc,71957615,4,"Wednesday, March 20, 2013 00:26:35 UTC",37.6450,-119.3807,1.1,7.10,14,"Central California"
us,b000fpcu,6,"Wednesday, March 20, 2013 00:25:01 UTC",52.8620,-167.7425,4.4,35.40,87,"Fox Islands, Aleutian Islands, Alaska"
uu,60016287,4,"Wednesday, March 20, 2013 00:20:56 UTC",44.3040,-111.0048,1.1,10.20,11,"Yellowstone National Park, Wyoming"
ak,10677458,2,"Wednesday, March 20, 2013 00:20:27 UTC",63.4657,-146.4511,1.1,11.80,23,"Central Alaska"
nc,71957320,3,"Wednesday, March 20, 2013 00:00:16 UTC",38.8227,-122.8238,1.1,3.20,43,"Northern California"
ak,10677439,2,"Tuesday, March 19, 2013 23:50:47 UTC",63.9458,-148.7755,1.8,0.00,32,"Central Alaska"
nc,71957310,0,"Tuesday, March 19, 2013 23:49:18 UTC",38.8232,-122.7618,1.0,2.20,12,"Northern California"
uw,60511706,1,"Tuesday, March 19, 2013 23:47:39 UTC",48.3773,-122.3855,1.1,14.30,22,"Washington"
ci,15309993,1,"Tuesday, March 19, 2013 23:40:44 UTC",33.5070,-116.4450,1.4,12.60,52,"Southern California"
us,b000fpby,8,"Tuesday, March 19, 2013 23:28:27 UTC",1.5459,124.3037,4.7,226.70,50,"Minahasa, Sulawesi, Indonesia"
ak,10677408,2,"Tuesday, March 19, 2013 23:20:18 UTC",63.5051,-146.4654,1.3,4.70,24,"Central Alaska"
nn,00406440,1,"Tuesday, March 19, 2013 23:16:44 UTC",38.2586,-116.4123,1.6,0.00, 5,"Nevada"
ak,10677394,2,"Tuesday, March 19, 2013 23:07:58 UTC",60.1657,-152.9399,2.4,100.10,51,"Southern Alaska"
nn,00406439,1,"Tuesday, March 19, 2013 23:02:36 UTC",38.0311,-118.0603,1.2,9.80,14,"Nevada"
ci,15309961,1,"Tuesday, March 19, 2013 23:00:30 UTC",33.4985,-116.4545,1.6,11.90,85,"Southern California"
ak,10678074,2,"Tuesday, March 19, 2013 22:40:09 UTC",62.7228,-150.6600,1.2,87.90,17,"Central Alaska"
ci,15309929,2,"Tuesday, March 19, 2013 22:37:37 UTC",34.0818,-117.9707,1.3,11.40,24,"Greater Los Angeles area, California"
ci,15309913,2,"Tuesday, March 19, 2013 22:30:36 UTC",33.4972,-116.4710,1.3,9.40,71,"Southern California"
ak,10677361,2,"Tuesday, March 19, 2013 22:11:27 UTC",62.9274,-149.3472,1.1,74.80,23,"Central Alaska"
ak,10678071,2,"Tuesday, March 19, 2013 21:58:22 UTC",56.0066,-160.9164,2.3,146.00,12,"Alaska Peninsula"
nc,71957275,2,"Tuesday, March 19, 2013 21:56:19 UTC",41.2900,-123.4545,2.5,37.20,20,"Northern California"
ak,10677339,2,"Tuesday, March 19, 2013 21:54:38 UTC",61.7910,-151.9253,2.3,104.80,64,"Southern Alaska"
us,b000fp8v,5,"Tuesday, March 19, 2013 21:24:53 UTC",16.9920,145.6016,4.8,236.50,42,"Anatahan region, Northern Mariana Islands"
us,b000fp74,7,"Tuesday, March 19, 2013 21:09:50 UTC",51.5261,16.1000,4.7,1.00,12,"Poland"
uu,60016267,4,"Tuesday, March 19, 2013 20:59:31 UTC",44.3525,-110.8690,1.5,8.30, 8,"Yellowstone National Park, Wyoming"
us,b000fp6e,6,"Tuesday, March 19, 2013 20:52:07 UTC",-6.6716,148.4214,4.8,43.80,29,"New Britain region, Papua New Guinea"
ci,15309849,5,"Tuesday, March 19, 2013 20:50:24 UTC",34.0512,-116.5967,1.0,6.90,29,"Southern California"
us,b000fp64,I,"Tuesday, March 19, 2013 20:50:15 UTC",19.4187,-69.4033,3.6,61.00,19,"Dominican Republic region"
nc,71957230,3,"Tuesday, March 19, 2013 20:48:04 UTC",38.7787,-122.7583,1.5,1.50,47,"Northern California"
ci,15309833,2,"Tuesday, March 19, 2013 20:39:50 UTC",32.7530,-115.4323,2.2,11.70,43,"Southern California"
ak,10677241,2,"Tuesday, March 19, 2013 20:31:31 UTC",59.2775,-154.0338,2.4,10.80,26,"Southern Alaska"
ak,10677234,2,"Tuesday, March 19, 2013 20:24:10 UTC",64.8994,-151.0487,1.7,16.20,24,"Central Alaska"
us,b000fp4r,6,"Tuesday, March 19, 2013 20:23:42 UTC",46.0899,150.5221,4.7,101.20,96,"Kuril Islands"
ci,15309817,2,"Tuesday, March 19, 2013 20:16:00 UTC",32.7430,-115.4338,1.5,6.90,22,"Southern California"
ak,10678066,2,"Tuesday, March 19, 2013 20:14:15 UTC",63.0823,-149.3699,1.1,79.10,22,"Central Alaska"
ak,10677171,2,"Tuesday, March 19, 2013 20:10:10 UTC",60.0755,-148.1186,1.8,11.30,29,"Kenai Peninsula, Alaska"
ak,10677157,2,"Tuesday, March 19, 2013 20:06:55 UTC",63.2484,-150.6040,1.4,131.20,23,"Central Alaska"
us,b000fp2c,5,"Tuesday, March 19, 2013 19:50:12 UTC",3.6667,126.8741,4.5,41.10,53,"Kepulauan Talaud, Indonesia"
nc,71957205,2,"Tuesday, March 19, 2013 19:39:45 UTC",38.8173,-122.8203,1.1,2.70,42,"Northern California"
nn,00406427,1,"Tuesday, March 19, 2013 19:36:32 UTC",38.0824,-116.0171,2.1,0.00, 6,"Nevada"
nc,71957200,2,"Tuesday, March 19, 2013 19:35:16 UTC",36.2917,-120.8295,1.3,9.10,23,"Central California"
us,b000fp10,6,"Tuesday, March 19, 2013 19:34:13 UTC",1.4248,126.6583,4.4,54.80,30,"Molucca Sea"
ci,15309793,2,"Tuesday, March 19, 2013 19:29:36 UTC",36.4190,-117.8492,1.2,9.90,21,"Central California"
ak,10677020,2,"Tuesday, March 19, 2013 19:28:40 UTC",63.2007,-150.7099,1.5,122.40,33,"Central Alaska"
uu,60016232,4,"Tuesday, March 19, 2013 19:17:28 UTC",39.4323,-111.2352,1.4,3.70,12,"Utah"
ak,10678062,2,"Tuesday, March 19, 2013 19:15:30 UTC",62.5753,-151.2080,1.6,88.10,25,"Central Alaska"
nc,71957190,2,"Tuesday, March 19, 2013 19:13:19 UTC",37.7622,-122.5778,1.2,9.30,29,"offshore Northern California"
ci,15309777,6,"Tuesday, March 19, 2013 19:09:47 UTC",33.6630,-117.2150,1.3,0.00,18,"Southern California"
us,b000fp0q,4,"Tuesday, March 19, 2013 19:05:06 UTC",-0.5401,122.9366,4.4,55.70,28,"Sulawesi, Indonesia"
ci,15309769,2,"Tuesday, March 19, 2013 18:58:25 UTC",35.1527,-118.3902,1.5,0.00,25,"Central California"
ak,10676992,2,"Tuesday, March 19, 2013 18:55:46 UTC",63.5144,-146.5029,2.1,0.90,44,"Central Alaska"
ci,15309753,2,"Tuesday, March 19, 2013 18:38:26 UTC",33.6607,-118.3875,1.7,0.00,30,"San Pedro Channel, California"
us,b000fnyt,8,"Tuesday, March 19, 2013 18:36:56 UTC",-16.7888,-171.5351,5.4,20.10,84,"Samoa Islands region"
nc,71957170,2,"Tuesday, March 19, 2013 18:28:48 UTC",36.7555,-121.5950,1.2,0.00,22,"Central California"
us,b000fny9,6,"Tuesday, March 19, 2013 18:22:52 UTC",-20.8583,176.6819,5.3,19.70,76,"south of the Fiji Islands"
ak,10676962,2,"Tuesday, March 19, 2013 18:16:05 UTC",65.3507,-149.6446,3.0,14.80,51,"northern Alaska"
ak,10676954,2,"Tuesday, March 19, 2013 18:08:59 UTC",62.1396,-150.3264,2.2,1.20,64,"Central Alaska"
ak,10676946,2,"Tuesday, March 19, 2013 17:55:56 UTC",61.8518,-147.8757,1.2,37.80,19,"Southern Alaska"
us,b000fnwg,7,"Tuesday, March 19, 2013 17:50:59 UTC",-20.1705,66.2446,5.0,10.00,74,"Mauritius - Reunion region"
us,b000fnvu,7,"Tuesday, March 19, 2013 17:40:37 UTC",19.4328,-69.3225,3.5,78.50,18,"Dominican Republic region"
nn,00406412,1,"Tuesday, March 19, 2013 17:35:02 UTC",37.2535,-116.7346,2.0,7.50,19,"Nevada"
ak,10678057,2,"Tuesday, March 19, 2013 17:27:21 UTC",51.6600,-173.8596,2.4,29.10,11,"Andreanof Islands, Aleutian Islands, Alaska"
ak,10676926,2,"Tuesday, March 19, 2013 17:17:28 UTC",60.4456,-151.0703,1.5,16.50,23,"Kenai Peninsula, Alaska"
ci,15309705,2,"Tuesday, March 19, 2013 17:11:59 UTC",34.6275,-117.1067,1.5,0.00,25,"Southern California"
us,b000fnv4,6,"Tuesday, March 19, 2013 17:01:57 UTC",-0.7623,134.0219,4.6,41.40,49,"near the north coast of Papua, Indonesia"
nc,71957140,0,"Tuesday, March 19, 2013 16:48:32 UTC",38.7473,-122.7190,1.0,0.00, 8,"Northern California"
ci,15309665,1,"Tuesday, March 19, 2013 16:32:38 UTC",33.7817,-116.9068,1.0,11.90,20,"Southern California"
ak,10676897,2,"Tuesday, March 19, 2013 16:22:59 UTC",61.9822,-149.4646,1.3,45.50,22,"Southern Alaska"
nn,00406404,1,"Tuesday, March 19, 2013 16:20:46 UTC",37.4386,-117.0739,1.0,0.00, 6,"Nevada"
nc,71957115,3,"Tuesday, March 19, 2013 15:59:51 UTC",37.5108,-121.6900,1.0,6.90,19,"Northern California"
ci,15309657,2,"Tuesday, March 19, 2013 15:59:05 UTC",34.0097,-116.7878,1.2,16.90,36,"Southern California"
pr,13078000,0,"Tuesday, March 19, 2013 15:17:51 UTC",19.3421,-67.8770,3.3,67.00, 9,"Dominican Republic region"
ak,10676857,3,"Tuesday, March 19, 2013 15:06:28 UTC",63.0768,-150.9895,3.6,122.80,88,"Central Alaska"
ak,10676851,3,"Tuesday, March 19, 2013 15:05:00 UTC",60.8475,-150.2455,3.5,41.90,97,"Kenai Peninsula, Alaska"
ak,10678052,2,"Tuesday, March 19, 2013 15:00:54 UTC",60.9999,-150.1920,1.2,24.20,11,"Southern Alaska"
ak,10676848,2,"Tuesday, March 19, 2013 15:00:31 UTC",53.3930,-165.6344,2.2,19.70,26,"Fox Islands, Aleutian Islands, Alaska"
ci,15309609,3,"Tuesday, March 19, 2013 14:44:53 UTC",33.4645,-116.4828,1.0,13.10,41,"Southern California"
ak,10676844,2,"Tuesday, March 19, 2013 14:44:13 UTC",60.8282,-147.0520,1.5,6.70,22,"Southern Alaska"
nc,71957085,3,"Tuesday, March 19, 2013 14:28:58 UTC",38.8355,-122.7737,1.7,3.00,52,"Northern California"
ak,10676830,2,"Tuesday, March 19, 2013 14:03:38 UTC",63.8974,-149.3424,1.1,115.00,21,"Central Alaska"
nc,71957075,2,"Tuesday, March 19, 2013 13:34:27 UTC",36.7587,-121.2697,1.0,8.40,27,"Central California"
ci,15309569,3,"Tuesday, March 19, 2013 13:28:17 UTC",33.6563,-116.7307,1.2,17.70,46,"Southern California"
us,b000fnsf,5,"Tuesday, March 19, 2013 12:44:31 UTC",42.1870,29.5521,4.3,17.30,45,"Black Sea"
nc,71957055,3,"Tuesday, March 19, 2013 12:41:31 UTC",40.3332,-124.4123,2.2,14.40,24,"offshore Northern California"
ak,10678046,2,"Tuesday, March 19, 2013 12:33:26 UTC",63.2604,-150.4286,1.2,122.90,14,"Central Alaska"
ak,10676809,2,"Tuesday, March 19, 2013 12:15:15 UTC",61.5674,-146.4862,1.6,27.80,35,"Southern Alaska"
ak,10676807,2,"Tuesday, March 19, 2013 12:10:21 UTC",63.0791,-149.2975,1.0,9.00,20,"Central Alaska"
ak,10676800,2,"Tuesday, March 19, 2013 12:01:26 UTC",62.8055,-150.6460,1.4,85.90,33,"Central Alaska"
ak,10676792,2,"Tuesday, March 19, 2013 11:52:31 UTC",59.8157,-151.6961,2.4,57.60,74,"Kenai Peninsula, Alaska"
us,b000fnrl,6,"Tuesday, March 19, 2013 11:43:36 UTC",-11.0330,165.8293,4.7,42.70,39,"Santa Cruz Islands"
us,b000fnre,6,"Tuesday, March 19, 2013 11:41:56 UTC",-27.8920,-69.4631,4.7,10.00,27,"Atacama, Chile"
us,b000fnrc,5,"Tuesday, March 19, 2013 11:32:50 UTC",-11.0113,165.8893,4.9,30.20,65,"Santa Cruz Islands"
ci,15309505,5,"Tuesday, March 19, 2013 11:12:02 UTC",36.0122,-117.8130,1.1,2.20,21,"Central California"
ci,15309497,3,"Tuesday, March 19, 2013 10:51:38 UTC",33.7258,-116.8350,1.2,19.40,76,"Southern California"
ak,10676783,2,"Tuesday, March 19, 2013 10:35:57 UTC",61.7615,-150.7313,1.4,66.80,33,"Southern Alaska"
ak,10676781,2,"Tuesday, March 19, 2013 10:30:23 UTC",61.6377,-147.0647,1.2,29.90,23,"Southern Alaska"
us,b000fnqb,N,"Tuesday, March 19, 2013 10:12:59 UTC",-10.9690,165.8650,4.8,37.10,63,"Santa Cruz Islands"
ak,10678035,2,"Tuesday, March 19, 2013 09:59:52 UTC",62.9066,-151.2856,1.2,104.60,20,"Central Alaska"
pr,13078001,0,"Tuesday, March 19, 2013 09:37:15 UTC",18.3346,-65.1475,2.9,105.00, 6,"Puerto Rico region"
nc,71957020,3,"Tuesday, March 19, 2013 09:37:00 UTC",37.7188,-122.5583,1.0,6.20,21,"offshore Northern California"
ci,15309481,3,"Tuesday, March 19, 2013 09:28:42 UTC",34.0158,-117.1790,1.2,2.60,50,"Greater Los Angeles area, California"
nc,71957015,0,"Tuesday, March 19, 2013 09:16:48 UTC",38.8327,-122.7488,1.0,1.80, 9,"Northern California"
ak,10676772,2,"Tuesday, March 19, 2013 08:47:41 UTC",52.3637,-169.4843,3.3,12.50,24,"Fox Islands, Aleutian Islands, Alaska"
ci,15309473,5,"Tuesday, March 19, 2013 08:46:02 UTC",34.0135,-117.1768,1.5,5.60,63,"Greater Los Angeles area, California"
ak,10676762,2,"Tuesday, March 19, 2013 08:20:48 UTC",61.7696,-149.4809,1.8,52.20,37,"Southern Alaska"
nn,00406383,1,"Tuesday, March 19, 2013 08:17:51 UTC",37.4336,-117.0833,1.3,1.40,14,"Nevada"
uw,60511571,1,"Tuesday, March 19, 2013 08:01:48 UTC",48.4195,-119.2068,1.6,15.50,12,"Washington"
us,b000fnpb,6,"Tuesday, March 19, 2013 08:01:12 UTC",-19.2338,168.2133,4.9,30.60,41,"Vanuatu"
us,b000fnp9,4,"Tuesday, March 19, 2013 07:58:25 UTC",-0.0025,123.0583,4.3,105.90,41,"Sulawesi, Indonesia"
ak,10676758,2,"Tuesday, March 19, 2013 07:45:19 UTC",63.3873,-151.4584,1.1,4.50,23,"Central Alaska"
ci,15309441,2,"Tuesday, March 19, 2013 07:40:57 UTC",35.9208,-117.6880,1.0,2.90,18,"Central California"
ak,10676748,2,"Tuesday, March 19, 2013 07:16:35 UTC",61.5910,-141.1310,1.4,1.00,21,"Southern Alaska"
ak,10676744,2,"Tuesday, March 19, 2013 07:12:13 UTC",61.6045,-141.1461,2.1,1.80,35,"Southern Alaska"
ci,15309401,2,"Tuesday, March 19, 2013 06:46:55 UTC",33.5167,-116.4755,1.2,12.10,40,"Southern California"
ci,15309369,3,"Tuesday, March 19, 2013 06:25:44 UTC",33.5143,-116.4733,1.3,11.50,45,"Southern California"
nc,71956985,2,"Tuesday, March 19, 2013 06:19:52 UTC",37.6207,-122.0205,1.1,4.90,16,"San Francisco Bay area, California"
ak,10678027,2,"Tuesday, March 19, 2013 06:09:45 UTC",53.4867,-166.1503,1.7,49.80,16,"Fox Islands, Aleutian Islands, Alaska"
us,b000fnmp,3,"Tuesday, March 19, 2013 06:07:25 UTC",8.2326,94.2348,4.6,89.10,24,"Nicobar Islands, India region"
nn,00406381,1,"Tuesday, March 19, 2013 06:05:23 UTC",39.5467,-118.2155,1.3,7.70, 8,"Nevada"
us,b000fnmh,5,"Tuesday, March 19, 2013 05:41:59 UTC",55.6541,-35.1166,4.9,10.00,44,"Reykjanes Ridge"
ak,10676728,2,"Tuesday, March 19, 2013 05:38:21 UTC",66.1203,-144.8723,2.2,6.00,24,"northern Alaska"
us,b000fnmb,5,"Tuesday, March 19, 2013 05:30:51 UTC",-2.7431,138.7260,4.4,43.20,24,"Papua, Indonesia"
ci,15309345,5,"Tuesday, March 19, 2013 05:23:43 UTC",33.5007,-116.5513,1.0,13.20,63,"Southern California"
ak,10676723,2,"Tuesday, March 19, 2013 05:22:32 UTC",63.3920,-151.4187,1.2,2.40,24,"Central Alaska"
ak,10676718,2,"Tuesday, March 19, 2013 05:03:55 UTC",54.2201,-162.3869,2.6,5.90,18,"Alaska Peninsula"
nc,71956955,2,"Tuesday, March 19, 2013 04:55:48 UTC",40.3920,-124.0435,1.8,31.10,19,"Northern California"
ak,10676712,2,"Tuesday, March 19, 2013 04:45:07 UTC",61.4155,-146.7101,1.9,13.40,44,"Southern Alaska"
ci,15309313,2,"Tuesday, March 19, 2013 04:29:12 UTC",35.4610,-120.0627,1.3,12.30,14,"Central California"
ak,10678021,2,"Tuesday, March 19, 2013 04:27:38 UTC",66.3314,-135.7777,2.5,43.30,17,"northern Yukon Territory, Canada"
us,b000fnl4,7,"Tuesday, March 19, 2013 03:29:00 UTC",-58.9152,-24.4095,6.1,31.30,52,"South Sandwich Islands region"
nn,00406372,1,"Tuesday, March 19, 2013 03:10:14 UTC",37.0815,-117.0599,1.0,7.30,13,"Nevada"
nc,71956945,2,"Tuesday, March 19, 2013 02:46:43 UTC",37.3388,-122.1487,1.1,5.40,17,"San Francisco Bay area, California"
ak,10676692,2,"Tuesday, March 19, 2013 02:36:37 UTC",63.1513,-150.4836,1.4,108.20,35,"Central Alaska"
ci,15309241,2,"Tuesday, March 19, 2013 02:31:53 UTC",36.0225,-117.7713,1.0,2.40,20,"Central California"
ak,10678018,2,"Tuesday, March 19, 2013 02:31:39 UTC",55.1308,-162.8662,2.3,169.90,11,"Alaska Peninsula"
ci,15309233,2,"Tuesday, March 19, 2013 02:27:17 UTC",36.0243,-117.7725,1.6,2.00,36,"Central California"
ak,10676683,2,"Tuesday, March 19, 2013 01:53:23 UTC",62.2177,-149.9900,1.2,8.40,25,"Central Alaska"
ak,10676680,2,"Tuesday, March 19, 2013 01:46:23 UTC",60.3471,-150.8729,1.9,44.10,39,"Kenai Peninsula, Alaska"
uu,60016202,4,"Tuesday, March 19, 2013 01:25:51 UTC",38.1460,-111.2702,2.7,8.00,23,"Utah"
nc,71956915,4,"Tuesday, March 19, 2013 01:16:12 UTC",37.6255,-118.8127,1.0,3.80,25,"Long Valley area, California"
ak,10676669,2,"Tuesday, March 19, 2013 01:13:26 UTC",63.1664,-143.2403,1.3,8.30,18,"Central Alaska"
uw,60511456,2,"Tuesday, March 19, 2013 00:56:12 UTC",47.8813,-121.6478,1.6,8.60,30,"Washington"
ak,10676663,3,"Tuesday, March 19, 2013 00:51:35 UTC",62.1417,-137.1925,2.6,7.50,18,"Southern Yukon Territory, Canada"
nc,71956910,3,"Tuesday, March 19, 2013 00:49:21 UTC",39.5395,-121.9893,1.3,24.10,13,"Northern California"
ak,10678013,2,"Tuesday, March 19, 2013 00:42:44 UTC",53.4713,-165.4101,1.8,15.20,14,"Fox Islands, Aleutian Islands, Alaska"
ak,10678012,2,"Tuesday, March 19, 2013 00:40:22 UTC",53.5024,-165.3362,2.1,25.30,21,"Fox Islands, Aleutian Islands, Alaska"
ci,15309201,5,"Tuesday, March 19, 2013 00:37:35 UTC",34.3548,-118.6165,2.0,4.10,49,"Greater Los Angeles area, California"
us,b000fnji,7,"Tuesday, March 19, 2013 00:37:01 UTC",53.6854,-165.3555,4.4,42.20,24,"Fox Islands, Aleutian Islands, Alaska"
nc,71956905,2,"Tuesday, March 19, 2013 00:36:38 UTC",38.7882,-122.7622,1.0,1.80,40,"Northern California"
uu,60016197,2,"Tuesday, March 19, 2013 00:27:49 UTC",44.3842,-110.9993,1.0,5.70,10,"Yellowstone National Park, Wyoming"
ci,15309177,3,"Tuesday, March 19, 2013 00:16:16 UTC",33.9415,-117.0535,1.1,15.20,53,"Southern California"
ak,10676627,2,"Tuesday, March 19, 2013 00:11:48 UTC",62.1659,-149.3256,1.1,40.60,22,"Central Alaska"
us,b000fniq,8,"Monday, March 18, 2013 23:44:04 UTC",2.7834,124.4364,4.8,312.10,52,"Celebes Sea"
ak,10676586,1,"Monday, March 18, 2013 23:07:12 UTC",65.0018,-147.3284,1.6,0.20,10,"northern Alaska"
ak,10676557,1,"Monday, March 18, 2013 22:42:10 UTC",60.1064,-153.8121,3.4,148.90,26,"Southern Alaska"
ci,15309137,2,"Monday, March 18, 2013 22:12:33 UTC",33.3320,-116.4168,1.3,11.50,42,"Southern California"
us,b000fnfn,4,"Monday, March 18, 2013 22:02:08 UTC",4.1398,127.0248,4.3,84.00,22,"Kepulauan Talaud, Indonesia"
nc,71956865,2,"Monday, March 18, 2013 22:00:38 UTC",38.7895,-122.7443,1.1,1.50,32,"Northern California"
uu,60016162,4,"Monday, March 18, 2013 21:26:38 UTC",44.6657,-110.4667,1.5,5.80,17,"Yellowstone National Park, Wyoming"
ci,15309113,2,"Monday, March 18, 2013 21:14:42 UTC",34.0535,-117.3388,1.2,0.00,22,"Greater Los Angeles area, California"
ak,10676482,1,"Monday, March 18, 2013 21:00:55 UTC",62.1198,-145.3270,1.3,28.60, 6,"Central Alaska"
ci,15309041,2,"Monday, March 18, 2013 20:13:57 UTC",33.6663,-117.2267,1.2,0.00, 9,"Southern California"
ci,15309001,3,"Monday, March 18, 2013 20:04:21 UTC",33.5017,-116.4570,1.4,10.70,52,"Southern California"
ci,15308977,2,"Monday, March 18, 2013 20:01:06 UTC",34.1370,-116.9788,1.1,4.40,39,"Southern California"
ci,15308961,2,"Monday, March 18, 2013 20:00:14 UTC",33.8703,-117.5082,1.5,0.00,11,"Greater Los Angeles area, California"
nn,00406321,1,"Monday, March 18, 2013 19:57:14 UTC",38.0304,-118.0540,1.5,5.00,15,"Nevada"
nc,71956850,2,"Monday, March 18, 2013 19:39:20 UTC",40.1503,-122.0135,1.7,18.60,18,"Northern California"
ci,15308929,3,"Monday, March 18, 2013 19:22:34 UTC",33.5033,-116.4733,2.0,9.60,57,"Southern California"
us,b000fn69,C,"Monday, March 18, 2013 19:15:03 UTC",-32.4909,-71.9037,5.0,23.90,79,"offshore Valparaiso, Chile"
ak,10676401,1,"Monday, March 18, 2013 19:06:50 UTC",63.2308,-144.8633,1.6,0.00,13,"Central Alaska"
ci,15308913,3,"Monday, March 18, 2013 19:06:14 UTC",33.0405,-116.4410,1.7,6.80,61,"Southern California"
ak,10676398,1,"Monday, March 18, 2013 19:00:09 UTC",60.3938,-151.9586,1.8,46.00, 5,"Kenai Peninsula, Alaska"
nc,71956830,3,"Monday, March 18, 2013 18:38:49 UTC",38.7860,-122.7618,2.7,1.40,76,"Northern California"
hv,60479591,1,"Monday, March 18, 2013 18:35:42 UTC",19.7842,-155.3657,2.4,25.50,52,"Island of Hawaii, Hawaii"
nc,71956825,2,"Monday, March 18, 2013 18:24:48 UTC",38.8103,-122.8232,1.0,2.30,36,"Northern California"
nc,71956820,3,"Monday, March 18, 2013 18:23:27 UTC",38.8435,-122.8248,1.3,2.30,38,"Northern California"
ci,15308905,2,"Monday, March 18, 2013 18:19:30 UTC",34.7210,-116.3005,1.3,6.20,18,"Southern California"
nc,71956885,4,"Monday, March 18, 2013 18:01:11 UTC",37.6940,-119.7292,1.9,37.30,13,"Central California"
ak,10676240,1,"Monday, March 18, 2013 17:45:07 UTC",60.4686,-151.9776,1.7,50.00, 6,"Kenai Peninsula, Alaska"
uw,60511356,1,"Monday, March 18, 2013 17:41:47 UTC",41.8793,-125.8915,2.0,5.00, 9,"off the coast of Northern California"
ak,10676236,1,"Monday, March 18, 2013 17:38:18 UTC",63.5548,-150.8265,1.1,8.80, 7,"Central Alaska"
ak,10676220,1,"Monday, March 18, 2013 17:23:34 UTC",63.5458,-147.3067,1.9,0.10,25,"Central Alaska"
ak,10676196,1,"Monday, March 18, 2013 16:57:52 UTC",57.5085,-155.1534,2.6,35.60, 7,"Alaska Peninsula"
ak,10676179,1,"Monday, March 18, 2013 16:31:35 UTC",61.6996,-149.4012,1.7,36.20,19,"Southern Alaska"
ci,37123563,2,"Monday, March 18, 2013 16:21:56 UTC",33.3110,-116.4010,1.0,6.30,34,"Southern California"
us,2013mxah,5,"Monday, March 18, 2013 16:16:35 UTC",-16.5971,-72.3991,4.7,91.40,38,"near the coast of southern Peru"
ci,15308785,2,"Monday, March 18, 2013 16:15:37 UTC",33.5145,-116.4430,1.0,12.60,36,"Southern California"
hv,60479561,5,"Monday, March 18, 2013 16:14:29 UTC",19.4652,-155.6132,1.6,17.40,17,"Island of Hawaii, Hawaii"
ci,15308769,3,"Monday, March 18, 2013 16:06:46 UTC",33.5172,-116.4477,1.3,10.20,68,"Southern California"
ci,15308761,2,"Monday, March 18, 2013 16:02:26 UTC",34.3470,-116.8872,1.1,0.00,12,"Southern California"
nc,71956750,3,"Monday, March 18, 2013 16:01:23 UTC",36.2732,-120.8433,1.3,7.40,21,"Central California"
nc,71956740,3,"Monday, March 18, 2013 16:00:14 UTC",38.8040,-122.8182,1.3,3.30,44,"Northern California"
nn,00406282,1,"Monday, March 18, 2013 15:39:37 UTC",39.3605,-119.3096,1.0,10.40, 9,"Nevada"
ak,10676145,1,"Monday, March 18, 2013 15:34:37 UTC",62.2431,-150.0975,1.5,0.00,12,"Central Alaska"
hv,60479556,6,"Monday, March 18, 2013 15:32:26 UTC",19.4630,-155.6020,1.1,14.90,14,"Island of Hawaii, Hawaii"
ak,10676140,1,"Monday, March 18, 2013 15:25:34 UTC",60.0117,-149.3985,2.1,10.80,24,"Kenai Peninsula, Alaska"
hv,60479551,5,"Monday, March 18, 2013 15:18:14 UTC",19.2233,-155.5403,1.7,35.20,19,"Island of Hawaii, Hawaii"
ak,10676135,1,"Monday, March 18, 2013 15:12:01 UTC",62.3633,-150.8985,1.6,43.90,11,"Central Alaska"
ak,10676119,1,"Monday, March 18, 2013 14:44:35 UTC",61.9087,-151.1414,1.8,67.80,21,"Southern Alaska"
nc,71956725,2,"Monday, March 18, 2013 14:41:30 UTC",37.3512,-121.7568,1.0,0.00,13,"San Francisco Bay area, California"
ak,10676112,1,"Monday, March 18, 2013 14:10:52 UTC",65.1998,-149.4376,1.2,0.60, 9,"northern Alaska"
ci,15308721,3,"Monday, March 18, 2013 13:58:11 UTC",33.5035,-116.4763,1.9,8.70,58,"Southern California"
us,2013mxag,4,"Monday, March 18, 2013 13:56:13 UTC",12.1813,-87.5655,4.3,67.30,38,"near the coast of Nicaragua"
uu,60016137,2,"Monday, March 18, 2013 13:40:56 UTC",44.5510,-110.8455,1.3,2.00, 6,"Yellowstone National Park, Wyoming"
uu,60016127,2,"Monday, March 18, 2013 13:35:31 UTC",44.5740,-110.7478,1.1,5.70,10,"Yellowstone National Park, Wyoming"
nn,00406275,1,"Monday, March 18, 2013 13:17:35 UTC",37.2283,-115.4751,1.4,0.00,14,"Nevada"
uu,60016117,2,"Monday, March 18, 2013 13:06:21 UTC",44.4815,-111.0375,1.0,13.00, 9,"Yellowstone National Park, Wyoming"
ci,15308681,1,"Monday, March 18, 2013 12:49:28 UTC",35.8377,-117.6817,1.1,2.80,22,"Central California"
us,b000fmyz,5,"Monday, March 18, 2013 12:24:06 UTC",-2.2410,100.7668,4.7,63.00,37,"Kepulauan Mentawai region, Indonesia"
us,b000fmyx,8,"Monday, March 18, 2013 12:23:18 UTC",-11.5812,166.5582,4.7,124.00,54,"Santa Cruz Islands"
nc,71956690,2,"Monday, March 18, 2013 11:50:58 UTC",38.8340,-122.7993,1.4,2.70,48,"Northern California"
ci,15308633,1,"Monday, March 18, 2013 11:15:26 UTC",33.5007,-116.4702,1.7,9.30,88,"Southern California"
ci,15308617,2,"Monday, March 18, 2013 10:40:46 UTC",31.1140,-116.6402,2.7,6.00, 8,"offshore Baja California, Mexico"
ci,15308601,0,"Monday, March 18, 2013 10:24:04 UTC",33.5165,-116.4417,1.4,6.90,66,"Southern California"
ci,15308593,2,"Monday, March 18, 2013 10:23:13 UTC",32.2880,-115.3488,2.3,10.00,18,"Baja California, Mexico"
ci,15308577,2,"Monday, March 18, 2013 10:17:41 UTC",33.5075,-116.4672,1.6,10.10,69,"Southern California"
ak,10676068,1,"Monday, March 18, 2013 10:17:20 UTC",63.1511,-150.5779,1.8,115.70,22,"Central Alaska"
ci,15308569,5,"Monday, March 18, 2013 10:16:58 UTC",32.8818,-116.2530,1.1,8.90,19,"Southern California"
ak,10676066,1,"Monday, March 18, 2013 10:01:12 UTC",62.1138,-145.3995,1.1,27.20, 6,"Central Alaska"
nc,71956645,2,"Monday, March 18, 2013 09:45:43 UTC",40.4068,-121.9828,1.0,12.10, 9,"Northern California"
ak,10676060,2,"Monday, March 18, 2013 08:54:56 UTC",51.8901,-173.5850,3.4,48.70,11,"Andreanof Islands, Aleutian Islands, Alaska"
ak,10676056,1,"Monday, March 18, 2013 08:52:16 UTC",62.8898,-148.4631,2.2,53.30,37,"Central Alaska"
ak,10676051,1,"Monday, March 18, 2013 08:38:50 UTC",61.8397,-149.7157,1.8,27.50,23,"Southern Alaska"
ci,15308505,2,"Monday, March 18, 2013 07:55:04 UTC",33.4988,-116.4655,1.2,8.10,63,"Southern California"
nc,71956625,2,"Monday, March 18, 2013 07:35:16 UTC",37.6245,-118.8148,1.2,4.20,27,"Long Valley area, California"
ak,10676043,1,"Monday, March 18, 2013 07:20:48 UTC",61.5561,-149.8587,1.1,28.60, 8,"Southern Alaska"
nc,71956615,3,"Monday, March 18, 2013 07:10:49 UTC",38.8338,-122.7752,1.5,3.10,50,"Northern California"
nc,71956605,0,"Monday, March 18, 2013 06:46:29 UTC",38.8123,-122.7952,1.0,1.00,16,"Northern California"
ak,10676037,2,"Monday, March 18, 2013 06:43:47 UTC",51.1464,-179.5005,3.3,50.00,17,"Andreanof Islands, Aleutian Islands, Alaska"
ak,10676033,1,"Monday, March 18, 2013 06:17:15 UTC",59.9007,-150.6498,2.0,38.00,11,"Kenai Peninsula, Alaska"
nc,71956575,2,"Monday, March 18, 2013 05:30:16 UTC",38.8267,-122.8538,1.0,2.70,44,"Northern California"
ak,10676022,1,"Monday, March 18, 2013 05:23:19 UTC",60.8403,-148.9774,1.7,28.30,13,"Kenai Peninsula, Alaska"
ak,10676010,1,"Monday, March 18, 2013 04:50:21 UTC",63.1730,-150.3938,1.4,100.00,13,"Central Alaska"
ci,15308449,3,"Monday, March 18, 2013 04:06:59 UTC",33.6353,-116.6903,1.0,16.70,41,"Southern California"
pr,13077001,0,"Monday, March 18, 2013 04:05:43 UTC",19.4071,-65.7435,2.9,50.00, 7,"Puerto Rico region"
pr,13077000,0,"Monday, March 18, 2013 04:04:23 UTC",19.9041,-64.1703,3.2,24.00, 5,"north of the Virgin Islands"
us,b000fmmh,N,"Monday, March 18, 2013 03:54:35 UTC",-6.2550,130.9030,5.0,75.60,38,"Banda Sea"
ak,10675991,1,"Monday, March 18, 2013 03:46:11 UTC",61.2693,-146.9832,1.4,26.10, 7,"Southern Alaska"
ci,15308433,3,"Monday, March 18, 2013 03:27:06 UTC",32.9223,-115.5248,1.8,9.30,17,"Southern California"
ak,10675981,2,"Monday, March 18, 2013 03:22:37 UTC",53.3871,-165.7613,3.0,30.20,21,"Fox Islands, Aleutian Islands, Alaska"
ak,10675975,2,"Monday, March 18, 2013 03:18:23 UTC",61.5905,-148.2602,2.5,8.40,21,"Southern Alaska"
nc,71956545,2,"Monday, March 18, 2013 03:11:00 UTC",39.6272,-120.0107,1.6,5.10,18,"Northern California"
nc,71956525,2,"Monday, March 18, 2013 02:21:08 UTC",35.7210,-121.1043,1.0,7.20,17,"Central California"
ci,15308385,5,"Monday, March 18, 2013 01:24:04 UTC",35.3972,-118.7157,1.3,8.10,11,"Central California"
us,b000fmlj,6,"Monday, March 18, 2013 01:19:35 UTC",36.2654,69.7945,4.2,135.40,25,"Hindu Kush region, Afghanistan"
us,b000fmli,D,"Monday, March 18, 2013 01:07:41 UTC",36.5114,70.0785,4.6,216.40,68,"Hindu Kush region, Afghanistan"
ci,15308369,2,"Monday, March 18, 2013 01:00:06 UTC",33.7278,-116.0577,1.7,4.10,77,"Southern California"
uu,60016102,3,"Monday, March 18, 2013 00:44:02 UTC",40.7650,-111.9655,1.4,6.00, 8,"Wasatch Front Urban Corridor, Utah"
ak,10675936,1,"Monday, March 18, 2013 00:34:19 UTC",64.9169,-148.8849,1.1,18.10, 8,"Central Alaska"
ci,15308345,2,"Monday, March 18, 2013 00:28:08 UTC",34.7210,-116.2965,1.5,6.20,17,"Southern California"
ak,10678263,2,"Sunday, March 17, 2013 23:49:28 UTC",54.4874,-161.6268,1.8,18.70, 8,"Alaska Peninsula"
uu,60016097,6,"Sunday, March 17, 2013 23:41:54 UTC",40.7742,-111.9667,2.0,5.00,23,"Wasatch Front Urban Corridor, Utah"
us,b000fmk3,7,"Sunday, March 17, 2013 23:41:24 UTC",32.5156,-96.8933,2.6,4.90,12,"northern Texas"
ci,15308305,2,"Sunday, March 17, 2013 23:30:31 UTC",35.0513,-117.6757,1.4,0.00,12,"Southern California"
ci,15308297,5,"Sunday, March 17, 2013 23:25:58 UTC",36.0423,-117.7985,1.1,0.60,19,"Central California"
nc,71956465,2,"Sunday, March 17, 2013 23:02:29 UTC",40.5297,-122.2523,1.9,30.00,21,"Northern California"
nc,71956460,2,"Sunday, March 17, 2013 23:01:30 UTC",40.5337,-122.2548,2.1,30.20,24,"Northern California"
nc,71956455,4,"Sunday, March 17, 2013 22:57:10 UTC",35.3068,-120.8323,1.2,5.10,29,"Central California"
us,b000fmiy,8,"Sunday, March 17, 2013 22:56:30 UTC",-24.8721,-70.6676,5.0,24.00,61,"offshore Antofagasta, Chile"
ak,10675905,2,"Sunday, March 17, 2013 22:50:06 UTC",63.0018,-149.8005,2.2,83.60,42,"Central Alaska"
ld,60024903,1,"Sunday, March 17, 2013 22:49:27 UTC",41.6575,-80.8947,2.1,5.00,15,"Ohio"
uw,60511251,3,"Sunday, March 17, 2013 22:45:58 UTC",48.2085,-122.1780,1.6,16.10,30,"Puget Sound region, Washington"
ak,10675897,2,"Sunday, March 17, 2013 22:19:26 UTC",53.5928,-165.6092,1.7,4.60,10,"Fox Islands, Aleutian Islands, Alaska"
nc,71956440,2,"Sunday, March 17, 2013 22:19:11 UTC",38.8220,-122.7620,1.0,2.60,42,"Northern California"
ak,10675891,2,"Sunday, March 17, 2013 22:06:57 UTC",61.2754,-146.8727,1.5,0.00,11,"Southern Alaska"
us,b000fmhh,5,"Sunday, March 17, 2013 21:53:40 UTC",36.4774,140.4687,4.6,63.50,34,"near the east coast of Honshu, Japan"
ci,15308249,2,"Sunday, March 17, 2013 21:41:45 UTC",34.3880,-119.7125,2.0,11.30,18,"Santa Barbara Channel, California"
uu,60016087,2,"Sunday, March 17, 2013 21:41:36 UTC",40.7710,-111.9690,1.0,4.40,17,"Wasatch Front Urban Corridor, Utah"
ci,15308241,1,"Sunday, March 17, 2013 21:41:15 UTC",33.5413,-116.4032,1.4,12.40,63,"Southern California"
ld,60024803,1,"Sunday, March 17, 2013 21:34:40 UTC",43.8340,-74.1003,1.6,12.80,10,"New York"
ak,10675878,2,"Sunday, March 17, 2013 21:28:36 UTC",63.2374,-150.7160,1.6,130.20,22,"Central Alaska"
ak,10675877,3,"Sunday, March 17, 2013 21:25:18 UTC",63.5426,-149.2024,1.0,101.50,12,"Central Alaska"
uw,60511236,3,"Sunday, March 17, 2013 21:10:52 UTC",49.4287,-120.5055,2.2,0.00, 9,"British Columbia, Canada"
ci,15308209,1,"Sunday, March 17, 2013 21:07:20 UTC",33.4612,-116.4473,1.0,8.80,47,"Southern California"
ci,15308201,1,"Sunday, March 17, 2013 20:54:28 UTC",33.5370,-116.4008,1.5,13.60,77,"Southern California"
ak,10675862,3,"Sunday, March 17, 2013 20:51:27 UTC",59.7488,-153.2867,2.3,115.70,23,"Southern Alaska"
nc,71956410,3,"Sunday, March 17, 2013 20:42:48 UTC",39.6890,-123.5728,1.7,6.50,17,"Northern California"
ak,10675849,2,"Sunday, March 17, 2013 20:16:43 UTC",60.5825,-150.3888,1.3,41.00,17,"Kenai Peninsula, Alaska"
nc,71956405,3,"Sunday, March 17, 2013 20:06:55 UTC",39.6317,-120.0023,1.2,6.40,14,"Northern California"
ak,10678251,2,"Sunday, March 17, 2013 19:52:40 UTC",63.2554,-150.6857,1.1,126.50,16,"Central Alaska"
ak,10675844,2,"Sunday, March 17, 2013 19:48:43 UTC",59.7333,-151.7436,2.3,48.10,33,"Kenai Peninsula, Alaska"
ci,15308145,1,"Sunday, March 17, 2013 19:33:04 UTC",34.0445,-117.2463,1.1,14.40,48,"Greater Los Angeles area, California"
nc,71956395,2,"Sunday, March 17, 2013 19:15:40 UTC",39.6260,-120.0052,1.2,5.70,13,"Northern California"
ak,10675839,3,"Sunday, March 17, 2013 19:14:59 UTC",59.9898,-152.8927,2.2,106.00,30,"Southern Alaska"
ak,10675833,2,"Sunday, March 17, 2013 18:53:54 UTC",64.7122,-147.6694,1.1,14.00,20,"Central Alaska"
ak,10675828,3,"Sunday, March 17, 2013 18:43:37 UTC",64.6327,-160.1867,2.4,64.40,14,"Central Alaska"
ak,10675825,2,"Sunday, March 17, 2013 18:40:46 UTC",63.1233,-150.8571,1.4,115.60,19,"Central Alaska"
nc,71957215,4,"Sunday, March 17, 2013 18:26:59 UTC",40.5320,-121.5960,1.0,7.80,10,"Lassen Peak area, California"
nn,00406165,1,"Sunday, March 17, 2013 18:25:45 UTC",39.6249,-120.0272,1.1,6.00, 4,"Northern California"
ak,10678245,2,"Sunday, March 17, 2013 18:17:49 UTC",59.8498,-152.0701,1.3,64.60, 8,"Southern Alaska"
ak,10678244,2,"Sunday, March 17, 2013 18:12:52 UTC",60.3803,-152.4648,1.7,83.70, 9,"Southern Alaska"
nn,00406161,1,"Sunday, March 17, 2013 18:09:39 UTC",39.6255,-120.0088,1.4,6.00, 8,"Northern California"
us,b000fmcc,6,"Sunday, March 17, 2013 17:35:53 UTC",-9.0514,-80.4195,4.9,35.30,43,"off the coast of northern Peru"
nn,00406160,1,"Sunday, March 17, 2013 17:35:14 UTC",39.6259,-120.0071,1.3,6.00, 6,"Northern California"
uu,60016042,4,"Sunday, March 17, 2013 17:34:32 UTC",40.7675,-111.9728,1.8,1.80,30,"Wasatch Front Urban Corridor, Utah"
nc,71956360,3,"Sunday, March 17, 2013 17:33:43 UTC",37.4673,-121.8313,1.0,6.40,21,"San Francisco Bay area, California"
nc,71956355,3,"Sunday, March 17, 2013 17:13:28 UTC",38.8008,-122.8108,1.2,3.70,49,"Northern California"
ci,15308017,1,"Sunday, March 17, 2013 17:13:22 UTC",33.4933,-116.4470,1.2,9.50,61,"Southern California"
nc,71956350,3,"Sunday, March 17, 2013 17:09:15 UTC",38.7987,-122.8125,1.8,3.90,48,"Northern California"
nn,00406146,1,"Sunday, March 17, 2013 16:49:31 UTC",37.6572,-117.0923,1.8,5.30,13,"Nevada"
nc,71070344,2,"Sunday, March 17, 2013 16:38:48 UTC",39.6248,-120.0123,1.6,4.60,15,"Northern California"
nc,71956340,3,"Sunday, March 17, 2013 16:38:44 UTC",39.6257,-120.0130,1.2,5.00,15,"Northern California"
nc,71956335,2,"Sunday, March 17, 2013 16:38:17 UTC",39.6263,-120.0122,1.4,4.80,17,"Northern California"
nc,71956330,2,"Sunday, March 17, 2013 16:34:40 UTC",39.6245,-120.0115,1.6,5.00,18,"Northern California"
pr,13076001,0,"Sunday, March 17, 2013 16:24:47 UTC",19.4615,-65.4541,3.1,42.00,14,"Puerto Rico region"
uw,60511191,2,"Sunday, March 17, 2013 16:20:07 UTC",47.4378,-121.8242,1.2,26.00,19,"Washington"
ak,10678242,2,"Sunday, March 17, 2013 15:56:01 UTC",62.5145,-151.7599,1.4,83.80,11,"Central Alaska"
us,2013mwam,4,"Sunday, March 17, 2013 15:42:35 UTC",2.4794,128.6353,4.5,232.00,40,"Halmahera, Indonesia"
ak,10675789,2,"Sunday, March 17, 2013 15:31:03 UTC",61.2558,-151.7488,1.6,87.70,13,"Southern Alaska"
ak,10675784,2,"Sunday, March 17, 2013 15:23:07 UTC",61.2718,-146.8251,1.2,0.00,11,"Southern Alaska"
us,2013mwal,7,"Sunday, March 17, 2013 15:21:54 UTC",34.0983,135.4945,4.2,73.80,10,"near the south coast of western Honshu, Japan"
nc,71956295,2,"Sunday, March 17, 2013 15:20:41 UTC",39.6210,-120.0102,1.0,5.10,10,"Northern California"
ak,10675771,2,"Sunday, March 17, 2013 15:08:14 UTC",59.7211,-152.5285,2.2,68.20,35,"Southern Alaska"
nc,71956285,3,"Sunday, March 17, 2013 15:02:24 UTC",38.8060,-122.8008,1.2,3.30,45,"Northern California"
nc,71956275,3,"Sunday, March 17, 2013 14:55:05 UTC",38.8120,-122.8223,1.7,2.20,52,"Northern California"
ak,10675759,2,"Sunday, March 17, 2013 14:53:56 UTC",61.4500,-146.6564,1.1,26.70,19,"Southern Alaska"
nc,71956270,3,"Sunday, March 17, 2013 14:50:01 UTC",39.6257,-120.0123,2.6,4.70,29,"Northern California"
nc,71956240,2,"Sunday, March 17, 2013 14:36:14 UTC",39.6285,-120.0053,1.2,5.70,13,"Northern California"
nc,71070329,2,"Sunday, March 17, 2013 14:05:09 UTC",37.9192,-118.5785,1.0,11.40,15,"Central California"
ci,15307913,2,"Sunday, March 17, 2013 14:00:38 UTC",34.1222,-117.4903,2.0,14.50,128,"Greater Los Angeles area, California"
nn,00406105,1,"Sunday, March 17, 2013 13:32:51 UTC",40.6893,-119.7610,1.8,10.90, 7,"Nevada"
ci,15307905,3,"Sunday, March 17, 2013 13:27:58 UTC",31.9847,-116.3507,2.2,12.30,24,"Baja California, Mexico"
ak,10678236,2,"Sunday, March 17, 2013 13:06:24 UTC",54.4108,-160.8342,1.8,24.80, 9,"Alaska Peninsula"
us,b000fm90,5,"Sunday, March 17, 2013 12:55:19 UTC",14.0113,-93.0132,4.2,40.40,29,"off the coast of Chiapas, Mexico"
ak,10678234,2,"Sunday, March 17, 2013 12:51:02 UTC",57.5956,-154.1522,2.3,14.70,11,"Kodiak Island region, Alaska"
nc,71956200,5,"Sunday, March 17, 2013 12:47:01 UTC",38.8150,-122.7915,1.0,3.20,43,"Northern California"
us,b000fm8x,7,"Sunday, March 17, 2013 12:43:47 UTC",-20.4189,-178.7577,4.3,607.30,139,"Fiji region"
ak,10675726,2,"Sunday, March 17, 2013 12:36:09 UTC",62.8988,-149.5879,1.3,74.60,29,"Central Alaska"
ci,15307865,5,"Sunday, March 17, 2013 12:16:25 UTC",34.1115,-116.7257,3.0,9.10,104,"Southern California"